image_id,label
200607.jpg,normal
202733.jpg,normal
200207.jpg,bacterial_leaf_streak
203024.jpg,tungro
203056.jpg,hispa
202751.jpg,blast
201191.jpg,blast
200912.jpg,dead_heart
200067.jpg,brown_spot
201689.jpg,hispa
202377.jpg,downy_mildew
202356.jpg,blast
201928.jpg,dead_heart
200558.jpg,tungro
201017.jpg,hispa
203010.jpg,blast
201358.jpg,brown_spot
202683.jpg,blast
202920.jpg,normal
202768.jpg,hispa
202234.jpg,tungro
201716.jpg,brown_spot
202400.jpg,downy_mildew
200881.jpg,tungro
203327.jpg,bacterial_leaf_streak
202835.jpg,brown_spot
202780.jpg,bacterial_leaf_blight
200784.jpg,blast
201680.jpg,brown_spot
202677.jpg,hispa
203277.jpg,brown_spot
202093.jpg,brown_spot
201534.jpg,bacterial_leaf_streak
200644.jpg,bacterial_leaf_blight
202278.jpg,hispa
202673.jpg,blast
200723.jpg,hispa
203382.jpg,bacterial_leaf_streak
201964.jpg,normal
201712.jpg,bacterial_panicle_blight
201190.jpg,downy_mildew
200157.jpg,brown_spot
203275.jpg,brown_spot
200308.jpg,normal
202051.jpg,hispa
202027.jpg,bacterial_leaf_blight
202588.jpg,downy_mildew
200847.jpg,bacterial_panicle_blight
200935.jpg,blast
202472.jpg,normal
202399.jpg,dead_heart
203060.jpg,normal
202061.jpg,normal
203193.jpg,hispa
202767.jpg,dead_heart
202693.jpg,dead_heart
202660.jpg,hispa
200318.jpg,dead_heart
202299.jpg,brown_spot
202287.jpg,blast
200614.jpg,downy_mildew
203198.jpg,normal
203022.jpg,tungro
200495.jpg,tungro
202890.jpg,normal
203423.jpg,tungro
200108.jpg,tungro
202344.jpg,dead_heart
200958.jpg,tungro
203092.jpg,normal
202053.jpg,hispa
201696.jpg,normal
200878.jpg,dead_heart
201750.jpg,bacterial_panicle_blight
202041.jpg,blast
201195.jpg,normal
202716.jpg,blast
202149.jpg,normal
202175.jpg,blast
201774.jpg,brown_spot
200249.jpg,bacterial_panicle_blight
201793.jpg,dead_heart
202781.jpg,brown_spot
203003.jpg,tungro
200602.jpg,dead_heart
203426.jpg,normal
201529.jpg,hispa
200968.jpg,blast
200997.jpg,dead_heart
202221.jpg,downy_mildew
201097.jpg,blast
201050.jpg,normal
202350.jpg,dead_heart
203160.jpg,normal
201628.jpg,brown_spot
200405.jpg,brown_spot
200822.jpg,bacterial_leaf_blight
201101.jpg,dead_heart
202367.jpg,dead_heart
203006.jpg,bacterial_panicle_blight
202670.jpg,dead_heart
202771.jpg,brown_spot
201242.jpg,normal
201014.jpg,tungro
202162.jpg,dead_heart
200908.jpg,dead_heart
200791.jpg,normal
202808.jpg,bacterial_panicle_blight
200048.jpg,brown_spot
201613.jpg,blast
201601.jpg,bacterial_leaf_blight
201388.jpg,hispa
203282.jpg,blast
201808.jpg,bacterial_panicle_blight
201892.jpg,downy_mildew
200972.jpg,bacterial_leaf_blight
200833.jpg,blast
201412.jpg,bacterial_leaf_blight
201942.jpg,downy_mildew
200258.jpg,hispa
200369.jpg,blast
200845.jpg,bacterial_leaf_blight
201108.jpg,blast
200403.jpg,hispa
201666.jpg,bacterial_panicle_blight
203170.jpg,hispa
200890.jpg,blast
203317.jpg,bacterial_panicle_blight
203183.jpg,hispa
203203.jpg,dead_heart
202499.jpg,blast
202411.jpg,downy_mildew
202155.jpg,dead_heart
200055.jpg,hispa
200852.jpg,normal
200940.jpg,hispa
201319.jpg,dead_heart
203328.jpg,brown_spot
200756.jpg,bacterial_panicle_blight
200402.jpg,normal
203205.jpg,brown_spot
202866.jpg,downy_mildew
202987.jpg,normal
202512.jpg,blast
202849.jpg,normal
200579.jpg,dead_heart
200865.jpg,tungro
202389.jpg,blast
201965.jpg,hispa
200719.jpg,normal
202230.jpg,bacterial_panicle_blight
202342.jpg,dead_heart
202617.jpg,dead_heart
200662.jpg,downy_mildew
201113.jpg,hispa
201444.jpg,hispa
201946.jpg,bacterial_leaf_blight
201797.jpg,dead_heart
202002.jpg,blast
200793.jpg,brown_spot
202988.jpg,dead_heart
201885.jpg,dead_heart
201838.jpg,normal
201413.jpg,dead_heart
202549.jpg,dead_heart
202300.jpg,dead_heart
203309.jpg,normal
201992.jpg,normal
202349.jpg,brown_spot
201486.jpg,tungro
202816.jpg,normal
200309.jpg,bacterial_leaf_blight
202869.jpg,bacterial_panicle_blight
202679.jpg,tungro
201576.jpg,brown_spot
202779.jpg,dead_heart
201748.jpg,tungro
203115.jpg,hispa
200618.jpg,hispa
200063.jpg,brown_spot
202663.jpg,bacterial_leaf_blight
200363.jpg,downy_mildew
201153.jpg,brown_spot
202071.jpg,bacterial_leaf_streak
202586.jpg,tungro
202479.jpg,hispa
202196.jpg,brown_spot
201138.jpg,blast
201889.jpg,hispa
202707.jpg,brown_spot
201149.jpg,tungro
202248.jpg,tungro
200893.jpg,blast
202324.jpg,normal
200459.jpg,normal
201568.jpg,hispa
201913.jpg,bacterial_leaf_blight
200951.jpg,hispa
201472.jpg,normal
200590.jpg,bacterial_leaf_blight
200368.jpg,normal
201481.jpg,bacterial_leaf_streak
201321.jpg,hispa
201830.jpg,bacterial_panicle_blight
201447.jpg,normal
201995.jpg,brown_spot
200693.jpg,blast
203220.jpg,normal
203073.jpg,hispa
202092.jpg,blast
200729.jpg,blast
202844.jpg,blast
200030.jpg,bacterial_leaf_streak
201520.jpg,bacterial_leaf_blight
200317.jpg,hispa
202963.jpg,dead_heart
201972.jpg,downy_mildew
201197.jpg,bacterial_leaf_streak
200095.jpg,hispa
201056.jpg,hispa
203181.jpg,blast
200421.jpg,brown_spot
200848.jpg,normal
201722.jpg,blast
201139.jpg,brown_spot
203058.jpg,normal
202829.jpg,hispa
203163.jpg,downy_mildew
203427.jpg,brown_spot
200452.jpg,brown_spot
202956.jpg,bacterial_panicle_blight
201691.jpg,normal
200206.jpg,normal
203268.jpg,downy_mildew
203267.jpg,bacterial_panicle_blight
201776.jpg,dead_heart
201861.jpg,normal
200261.jpg,bacterial_leaf_blight
201783.jpg,normal
200298.jpg,hispa
202833.jpg,brown_spot
202340.jpg,blast
201826.jpg,blast
202173.jpg,normal
201563.jpg,normal
203179.jpg,dead_heart
202250.jpg,bacterial_leaf_blight
201872.jpg,normal
202540.jpg,tungro
200983.jpg,bacterial_leaf_streak
201136.jpg,dead_heart
200136.jpg,brown_spot
201077.jpg,tungro
201150.jpg,hispa
202021.jpg,blast
201468.jpg,brown_spot
201877.jpg,blast
203174.jpg,dead_heart
202145.jpg,brown_spot
201632.jpg,hispa
203386.jpg,downy_mildew
202613.jpg,dead_heart
202015.jpg,normal
200557.jpg,hispa
201121.jpg,bacterial_leaf_blight
200919.jpg,dead_heart
201619.jpg,normal
203098.jpg,tungro
203392.jpg,blast
202456.jpg,brown_spot
203385.jpg,brown_spot
202378.jpg,downy_mildew
201026.jpg,downy_mildew
203308.jpg,dead_heart
202062.jpg,blast
202032.jpg,normal
200411.jpg,hispa
200629.jpg,tungro
200711.jpg,normal
200143.jpg,blast
201733.jpg,hispa
202501.jpg,tungro
201552.jpg,blast
200180.jpg,bacterial_leaf_blight
200003.jpg,blast
200806.jpg,tungro
200917.jpg,bacterial_leaf_blight
203230.jpg,downy_mildew
203188.jpg,brown_spot
200866.jpg,tungro
202633.jpg,bacterial_leaf_blight
203180.jpg,hispa
201433.jpg,dead_heart
203184.jpg,brown_spot
202969.jpg,blast
200576.jpg,brown_spot
200254.jpg,dead_heart
203153.jpg,bacterial_panicle_blight
201663.jpg,tungro
201770.jpg,downy_mildew
202475.jpg,blast
201329.jpg,brown_spot
202422.jpg,blast
201789.jpg,blast
200217.jpg,dead_heart
200433.jpg,blast
201317.jpg,bacterial_leaf_streak
203007.jpg,downy_mildew
203417.jpg,normal
200753.jpg,downy_mildew
203365.jpg,normal
200941.jpg,blast
202685.jpg,blast
201040.jpg,brown_spot
200911.jpg,tungro
202079.jpg,hispa
202462.jpg,bacterial_leaf_streak
203406.jpg,tungro
202708.jpg,dead_heart
201263.jpg,tungro
201245.jpg,downy_mildew
200613.jpg,tungro
202802.jpg,hispa
203434.jpg,tungro
202947.jpg,downy_mildew
201973.jpg,downy_mildew
201199.jpg,blast
202415.jpg,dead_heart
202897.jpg,dead_heart
203351.jpg,tungro
203437.jpg,hispa
200196.jpg,bacterial_panicle_blight
201328.jpg,tungro
200473.jpg,normal
202370.jpg,normal
201342.jpg,hispa
201603.jpg,blast
200045.jpg,bacterial_leaf_blight
201251.jpg,blast
201507.jpg,blast
203414.jpg,blast
200687.jpg,dead_heart
202355.jpg,bacterial_panicle_blight
202037.jpg,normal
202786.jpg,brown_spot
202371.jpg,bacterial_leaf_blight
203356.jpg,tungro
201700.jpg,bacterial_leaf_blight
202113.jpg,bacterial_leaf_streak
200122.jpg,blast
203131.jpg,bacterial_leaf_streak
202756.jpg,blast
201224.jpg,tungro
202803.jpg,dead_heart
200335.jpg,bacterial_panicle_blight
200770.jpg,bacterial_leaf_streak
202346.jpg,hispa
201344.jpg,dead_heart
200243.jpg,tungro
201527.jpg,tungro
202577.jpg,normal
200072.jpg,dead_heart
202244.jpg,blast
202335.jpg,normal
200343.jpg,tungro
201509.jpg,bacterial_leaf_blight
203431.jpg,brown_spot
202165.jpg,tungro
200192.jpg,normal
203120.jpg,dead_heart
201435.jpg,dead_heart
202778.jpg,hispa
202917.jpg,hispa
202763.jpg,blast
202118.jpg,bacterial_panicle_blight
201081.jpg,brown_spot
200611.jpg,brown_spot
201804.jpg,bacterial_leaf_blight
200764.jpg,dead_heart
201443.jpg,bacterial_leaf_blight
202478.jpg,normal
200470.jpg,hispa
200221.jpg,dead_heart
200540.jpg,downy_mildew
200928.jpg,hispa
202033.jpg,tungro
203278.jpg,tungro
203052.jpg,blast
203048.jpg,downy_mildew
200251.jpg,downy_mildew
201459.jpg,blast
200071.jpg,normal
202520.jpg,normal
201947.jpg,dead_heart
202807.jpg,bacterial_leaf_blight
201673.jpg,blast
201574.jpg,bacterial_leaf_streak
202603.jpg,downy_mildew
203245.jpg,blast
200548.jpg,downy_mildew
201533.jpg,bacterial_panicle_blight
202019.jpg,normal
202714.jpg,downy_mildew
201221.jpg,brown_spot
202764.jpg,blast
203452.jpg,dead_heart
202077.jpg,hispa
201854.jpg,downy_mildew
202702.jpg,downy_mildew
200562.jpg,blast
200475.jpg,brown_spot
203216.jpg,bacterial_panicle_blight
200761.jpg,hispa
202388.jpg,normal
202078.jpg,tungro
202316.jpg,normal
201644.jpg,hispa
201382.jpg,tungro
200259.jpg,dead_heart
202333.jpg,dead_heart
200954.jpg,hispa
201131.jpg,brown_spot
203400.jpg,tungro
203291.jpg,blast
203194.jpg,normal
202420.jpg,tungro
200230.jpg,downy_mildew
201155.jpg,dead_heart
202036.jpg,tungro
202245.jpg,bacterial_leaf_streak
203026.jpg,hispa
202404.jpg,bacterial_leaf_streak
201567.jpg,dead_heart
202684.jpg,normal
202855.jpg,bacterial_leaf_blight
201274.jpg,blast
202109.jpg,bacterial_leaf_blight
201062.jpg,hispa
202461.jpg,normal
203015.jpg,blast
200937.jpg,normal
201858.jpg,normal
201064.jpg,normal
203186.jpg,blast
200539.jpg,blast
203425.jpg,normal
200107.jpg,tungro
203273.jpg,hispa
201485.jpg,dead_heart
200632.jpg,dead_heart
203450.jpg,normal
202040.jpg,normal
200817.jpg,brown_spot
201145.jpg,blast
201141.jpg,brown_spot
202612.jpg,tungro
200486.jpg,hispa
202491.jpg,tungro
203363.jpg,downy_mildew
200712.jpg,normal
200415.jpg,bacterial_leaf_streak
201158.jpg,normal
201058.jpg,hispa
200831.jpg,bacterial_panicle_blight
201585.jpg,dead_heart
201236.jpg,hispa
200271.jpg,tungro
200578.jpg,dead_heart
200082.jpg,dead_heart
201392.jpg,hispa
202137.jpg,tungro
201883.jpg,dead_heart
201559.jpg,blast
201243.jpg,normal
203087.jpg,dead_heart
202284.jpg,normal
202105.jpg,brown_spot
202848.jpg,brown_spot
201266.jpg,normal
200725.jpg,normal
202743.jpg,normal
202968.jpg,hispa
200041.jpg,tungro
203157.jpg,normal
203122.jpg,bacterial_panicle_blight
200522.jpg,dead_heart
201706.jpg,brown_spot
201646.jpg,normal
201762.jpg,bacterial_leaf_blight
202088.jpg,hispa
200961.jpg,blast
201205.jpg,tungro
203324.jpg,bacterial_leaf_streak
201041.jpg,dead_heart
202583.jpg,normal
200483.jpg,dead_heart
200370.jpg,blast
201496.jpg,hispa
202075.jpg,bacterial_panicle_blight
200795.jpg,normal
201979.jpg,tungro
200149.jpg,dead_heart
200008.jpg,brown_spot
200161.jpg,tungro
202080.jpg,blast
200998.jpg,hispa
203449.jpg,blast
200457.jpg,hispa
200859.jpg,blast
202362.jpg,bacterial_leaf_streak
200574.jpg,hispa
201105.jpg,bacterial_panicle_blight
201315.jpg,brown_spot
200150.jpg,dead_heart
201129.jpg,blast
202106.jpg,brown_spot
201519.jpg,hispa
200667.jpg,blast
202712.jpg,hispa
203323.jpg,downy_mildew
200710.jpg,hispa
201759.jpg,bacterial_leaf_blight
202450.jpg,tungro
202146.jpg,brown_spot
203055.jpg,hispa
202296.jpg,hispa
201821.jpg,bacterial_leaf_blight
201374.jpg,blast
201250.jpg,bacterial_leaf_blight
200681.jpg,blast
202171.jpg,normal
202006.jpg,dead_heart
202361.jpg,blast
200447.jpg,normal
203225.jpg,brown_spot
201059.jpg,bacterial_leaf_blight
201697.jpg,blast
200007.jpg,dead_heart
201296.jpg,hispa
202709.jpg,dead_heart
202896.jpg,dead_heart
200745.jpg,downy_mildew
200838.jpg,tungro
202903.jpg,normal
202591.jpg,normal
201112.jpg,brown_spot
200326.jpg,blast
200638.jpg,blast
200134.jpg,normal
200129.jpg,blast
201555.jpg,blast
202028.jpg,dead_heart
203393.jpg,brown_spot
203229.jpg,brown_spot
200599.jpg,normal
203339.jpg,hispa
203448.jpg,brown_spot
203212.jpg,downy_mildew
202960.jpg,brown_spot
202022.jpg,hispa
200124.jpg,blast
201494.jpg,tungro
202824.jpg,blast
200506.jpg,bacterial_panicle_blight
202210.jpg,normal
202073.jpg,normal
201828.jpg,blast
200651.jpg,bacterial_leaf_blight
200049.jpg,bacterial_panicle_blight
200535.jpg,hispa
200092.jpg,hispa
200468.jpg,bacterial_leaf_streak
200294.jpg,hispa
202530.jpg,bacterial_leaf_blight
200386.jpg,normal
201597.jpg,hispa
202237.jpg,blast
200544.jpg,hispa
202531.jpg,hispa
202164.jpg,downy_mildew
201000.jpg,tungro
201887.jpg,blast
201479.jpg,dead_heart
200856.jpg,tungro
200414.jpg,dead_heart
201368.jpg,downy_mildew
200689.jpg,dead_heart
201356.jpg,bacterial_panicle_blight
202831.jpg,normal
201264.jpg,blast
201927.jpg,bacterial_leaf_streak
201784.jpg,normal
201929.jpg,normal
200087.jpg,dead_heart
202880.jpg,dead_heart
201846.jpg,normal
201453.jpg,normal
200875.jpg,normal
201676.jpg,bacterial_panicle_blight
202728.jpg,brown_spot
202482.jpg,bacterial_leaf_blight
201650.jpg,hispa
200748.jpg,downy_mildew
203093.jpg,blast
201528.jpg,normal
202180.jpg,normal
203461.jpg,normal
201758.jpg,tungro
200947.jpg,blast
201805.jpg,blast
202794.jpg,normal
202925.jpg,dead_heart
201503.jpg,blast
202592.jpg,normal
203295.jpg,brown_spot
201806.jpg,tungro
201615.jpg,hispa
202904.jpg,tungro
202745.jpg,blast
201036.jpg,normal
201679.jpg,normal
202241.jpg,dead_heart
201465.jpg,hispa
200068.jpg,bacterial_leaf_streak
201757.jpg,dead_heart
203085.jpg,hispa
202528.jpg,normal
202050.jpg,normal
201275.jpg,tungro
203125.jpg,dead_heart
202610.jpg,hispa
200202.jpg,blast
200737.jpg,hispa
201372.jpg,downy_mildew
202136.jpg,dead_heart
200053.jpg,bacterial_leaf_blight
202151.jpg,bacterial_leaf_blight
200075.jpg,dead_heart
201318.jpg,blast
201241.jpg,tungro
200601.jpg,dead_heart
203201.jpg,hispa
202366.jpg,dead_heart
200598.jpg,dead_heart
200365.jpg,normal
201717.jpg,bacterial_leaf_streak
201558.jpg,normal
202852.jpg,normal
202161.jpg,dead_heart
200154.jpg,bacterial_leaf_streak
202706.jpg,bacterial_leaf_streak
202668.jpg,bacterial_leaf_streak
202551.jpg,tungro
202381.jpg,downy_mildew
203388.jpg,tungro
202492.jpg,normal
202490.jpg,normal
202525.jpg,blast
200641.jpg,blast
202607.jpg,hispa
200517.jpg,normal
203368.jpg,downy_mildew
202091.jpg,normal
200546.jpg,normal
202331.jpg,tungro
201033.jpg,normal
202942.jpg,hispa
201104.jpg,downy_mildew
200485.jpg,bacterial_leaf_blight
202758.jpg,tungro
201246.jpg,bacterial_leaf_blight
200109.jpg,tungro
201080.jpg,blast
200014.jpg,dead_heart
201943.jpg,brown_spot
202249.jpg,tungro
201847.jpg,dead_heart
202929.jpg,hispa
201572.jpg,bacterial_leaf_blight
202889.jpg,bacterial_leaf_streak
202526.jpg,blast
201996.jpg,hispa
203070.jpg,blast
200278.jpg,bacterial_leaf_blight
200445.jpg,dead_heart
203255.jpg,blast
202417.jpg,normal
202647.jpg,hispa
202441.jpg,hispa
203054.jpg,normal
200511.jpg,downy_mildew
202623.jpg,brown_spot
200323.jpg,bacterial_leaf_blight
201339.jpg,tungro
201394.jpg,dead_heart
200672.jpg,bacterial_panicle_blight
202539.jpg,tungro
202224.jpg,hispa
203352.jpg,blast
201239.jpg,dead_heart
203101.jpg,normal
203067.jpg,bacterial_leaf_blight
200264.jpg,normal
200349.jpg,tungro
200200.jpg,dead_heart
200582.jpg,normal
202952.jpg,hispa
202304.jpg,hispa
201137.jpg,brown_spot
200376.jpg,brown_spot
201055.jpg,hispa
200362.jpg,dead_heart
202773.jpg,normal
202364.jpg,hispa
203310.jpg,dead_heart
201489.jpg,tungro
202282.jpg,brown_spot
201094.jpg,blast
202297.jpg,brown_spot
202911.jpg,blast
200419.jpg,hispa
200377.jpg,blast
201957.jpg,blast
200863.jpg,dead_heart
202294.jpg,downy_mildew
201203.jpg,normal
201008.jpg,dead_heart
200820.jpg,brown_spot
203042.jpg,normal
201216.jpg,tungro
203228.jpg,normal
200220.jpg,downy_mildew
202215.jpg,hispa
200201.jpg,tungro
202217.jpg,normal
200293.jpg,normal
201863.jpg,brown_spot
203421.jpg,normal
203116.jpg,brown_spot
203045.jpg,blast
201262.jpg,brown_spot
200276.jpg,dead_heart
202599.jpg,downy_mildew
200213.jpg,normal
203043.jpg,downy_mildew
202124.jpg,normal
200837.jpg,brown_spot
201397.jpg,normal
200284.jpg,normal
202169.jpg,tungro
202688.jpg,normal
200744.jpg,blast
200482.jpg,tungro
202235.jpg,blast
201978.jpg,dead_heart
201682.jpg,blast
201126.jpg,blast
202403.jpg,blast
203262.jpg,blast
203167.jpg,normal
202047.jpg,tungro
201850.jpg,tungro
201881.jpg,brown_spot
201066.jpg,dead_heart
202069.jpg,bacterial_leaf_blight
200708.jpg,hispa
201961.jpg,hispa
200999.jpg,hispa
201652.jpg,hispa
200477.jpg,blast
202711.jpg,dead_heart
200191.jpg,blast
201580.jpg,tungro
202096.jpg,brown_spot
202153.jpg,dead_heart
202828.jpg,normal
200172.jpg,blast
201403.jpg,blast
202933.jpg,normal
202076.jpg,normal
203005.jpg,dead_heart
203261.jpg,hispa
200164.jpg,bacterial_leaf_streak
201330.jpg,tungro
202132.jpg,brown_spot
200176.jpg,brown_spot
200575.jpg,normal
201918.jpg,hispa
203158.jpg,downy_mildew
201096.jpg,dead_heart
201171.jpg,tungro
200425.jpg,normal
200083.jpg,bacterial_panicle_blight
203443.jpg,tungro
200381.jpg,normal
201067.jpg,normal
202738.jpg,normal
202924.jpg,brown_spot
201967.jpg,bacterial_leaf_streak
201226.jpg,hispa
202981.jpg,dead_heart
202609.jpg,hispa
200904.jpg,bacterial_panicle_blight
200147.jpg,dead_heart
200525.jpg,blast
201790.jpg,bacterial_leaf_blight
200456.jpg,normal
200291.jpg,brown_spot
201670.jpg,hispa
202393.jpg,bacterial_panicle_blight
200039.jpg,dead_heart
201047.jpg,blast
202964.jpg,blast
202597.jpg,blast
202859.jpg,normal
200069.jpg,dead_heart
201800.jpg,downy_mildew
203084.jpg,tungro
200305.jpg,dead_heart
200885.jpg,hispa
203037.jpg,bacterial_panicle_blight
201857.jpg,hispa
202194.jpg,tungro
200758.jpg,bacterial_panicle_blight
201903.jpg,tungro
203175.jpg,normal
201960.jpg,hispa
201449.jpg,dead_heart
201213.jpg,brown_spot
201941.jpg,hispa
201287.jpg,brown_spot
200518.jpg,hispa
201132.jpg,brown_spot
202578.jpg,tungro
203202.jpg,bacterial_panicle_blight
201578.jpg,hispa
201225.jpg,tungro
201373.jpg,bacterial_panicle_blight
201045.jpg,hispa
202905.jpg,hispa
202858.jpg,tungro
203208.jpg,normal
201594.jpg,brown_spot
202789.jpg,brown_spot
200341.jpg,normal
202310.jpg,blast
200720.jpg,dead_heart
201313.jpg,tungro
201831.jpg,bacterial_panicle_blight
203407.jpg,bacterial_leaf_blight
202865.jpg,hispa
200010.jpg,normal
201466.jpg,tungro
202293.jpg,hispa
202792.jpg,brown_spot
202642.jpg,brown_spot
200715.jpg,tungro
200594.jpg,dead_heart
201616.jpg,bacterial_leaf_streak
202311.jpg,blast
201773.jpg,normal
201604.jpg,blast
202939.jpg,blast
201860.jpg,hispa
203223.jpg,downy_mildew
202186.jpg,normal
202809.jpg,normal
201140.jpg,normal
202117.jpg,blast
201566.jpg,blast
201270.jpg,bacterial_leaf_blight
201258.jpg,hispa
200874.jpg,bacterial_leaf_streak
203318.jpg,hispa
200965.jpg,blast
202622.jpg,dead_heart
202732.jpg,normal
200587.jpg,bacterial_panicle_blight
201729.jpg,tungro
202354.jpg,tungro
203353.jpg,dead_heart
200877.jpg,tungro
201332.jpg,hispa
201727.jpg,hispa
203288.jpg,bacterial_panicle_blight
201614.jpg,hispa
201561.jpg,hispa
202930.jpg,dead_heart
201724.jpg,blast
201893.jpg,dead_heart
201836.jpg,dead_heart
203252.jpg,dead_heart
202044.jpg,bacterial_panicle_blight
203341.jpg,dead_heart
200400.jpg,normal
200029.jpg,dead_heart
201932.jpg,brown_spot
200978.jpg,bacterial_leaf_blight
201731.jpg,blast
202881.jpg,blast
201571.jpg,bacterial_leaf_blight
202477.jpg,downy_mildew
201810.jpg,normal
202279.jpg,bacterial_leaf_blight
200886.jpg,dead_heart
203196.jpg,blast
200552.jpg,blast
201424.jpg,hispa
203145.jpg,normal
201935.jpg,downy_mildew
200787.jpg,tungro
201919.jpg,normal
203189.jpg,brown_spot
200438.jpg,normal
201292.jpg,hispa
201975.jpg,blast
201419.jpg,blast
203412.jpg,hispa
201393.jpg,blast
200231.jpg,brown_spot
201542.jpg,brown_spot
200561.jpg,dead_heart
201089.jpg,blast
203263.jpg,blast
200118.jpg,dead_heart
200867.jpg,tungro
202694.jpg,hispa
203457.jpg,brown_spot
201146.jpg,normal
203090.jpg,normal
200390.jpg,normal
202573.jpg,brown_spot
200339.jpg,dead_heart
202261.jpg,tungro
201310.jpg,tungro
201175.jpg,tungro
202999.jpg,blast
200158.jpg,tungro
201760.jpg,bacterial_leaf_streak
203301.jpg,blast
203296.jpg,dead_heart
201813.jpg,hispa
200706.jpg,dead_heart
200526.jpg,hispa
201423.jpg,blast
202892.jpg,hispa
202064.jpg,tungro
203211.jpg,brown_spot
202873.jpg,hispa
202039.jpg,blast
200573.jpg,tungro
202440.jpg,blast
201007.jpg,normal
200956.jpg,brown_spot
202178.jpg,bacterial_leaf_blight
200508.jpg,dead_heart
202655.jpg,blast
202159.jpg,blast
201781.jpg,dead_heart
200170.jpg,brown_spot
202806.jpg,normal
200906.jpg,normal
200474.jpg,hispa
200396.jpg,normal
201092.jpg,blast
200300.jpg,blast
202204.jpg,normal
200037.jpg,bacterial_leaf_blight
200212.jpg,tungro
201231.jpg,dead_heart
203410.jpg,hispa
201905.jpg,brown_spot
201726.jpg,tungro
202198.jpg,blast
202471.jpg,brown_spot
201198.jpg,tungro
202843.jpg,normal
202832.jpg,bacterial_leaf_blight
203112.jpg,dead_heart
202264.jpg,blast
203458.jpg,blast
202488.jpg,normal
200754.jpg,brown_spot
201745.jpg,normal
202628.jpg,normal
202983.jpg,blast
201490.jpg,downy_mildew
202313.jpg,tungro
202338.jpg,brown_spot
203292.jpg,normal
201799.jpg,normal
200732.jpg,normal
202373.jpg,hispa
200275.jpg,normal
202503.jpg,blast
200931.jpg,dead_heart
200208.jpg,brown_spot
200943.jpg,hispa
201556.jpg,tungro
201084.jpg,hispa
201288.jpg,normal
202569.jpg,downy_mildew
201331.jpg,dead_heart
201746.jpg,hispa
200746.jpg,normal
202087.jpg,hispa
201483.jpg,downy_mildew
201902.jpg,hispa
201675.jpg,downy_mildew
200033.jpg,brown_spot
201590.jpg,downy_mildew
201658.jpg,normal
202774.jpg,normal
201595.jpg,blast
202431.jpg,bacterial_leaf_blight
200800.jpg,bacterial_leaf_blight
200100.jpg,bacterial_leaf_blight
200489.jpg,normal
200321.jpg,hispa
202466.jpg,blast
202337.jpg,normal
200876.jpg,brown_spot
202621.jpg,blast
201256.jpg,tungro
201302.jpg,brown_spot
202321.jpg,downy_mildew
200929.jpg,brown_spot
200443.jpg,bacterial_panicle_blight
201570.jpg,normal
200986.jpg,brown_spot
200359.jpg,normal
203349.jpg,blast
202847.jpg,downy_mildew
201144.jpg,tungro
201515.jpg,brown_spot
201859.jpg,normal
201079.jpg,bacterial_leaf_streak
200879.jpg,blast
202985.jpg,bacterial_leaf_streak
200382.jpg,normal
203453.jpg,downy_mildew
203276.jpg,blast
200210.jpg,tungro
200652.jpg,brown_spot
200151.jpg,hispa
201335.jpg,blast
200564.jpg,hispa
202932.jpg,blast
200270.jpg,blast
200282.jpg,normal
200775.jpg,hispa
202946.jpg,hispa
202775.jpg,blast
201636.jpg,normal
202473.jpg,normal
200388.jpg,blast
200038.jpg,tungro
201756.jpg,hispa
203271.jpg,hispa
203136.jpg,hispa
201695.jpg,bacterial_panicle_blight
201688.jpg,bacterial_leaf_streak
202232.jpg,bacterial_leaf_blight
202854.jpg,brown_spot
200924.jpg,normal
200959.jpg,tungro
200626.jpg,normal
201730.jpg,blast
203176.jpg,bacterial_leaf_blight
201560.jpg,blast
200232.jpg,normal
200679.jpg,blast
200162.jpg,hispa
200727.jpg,tungro
202898.jpg,tungro
202380.jpg,blast
201896.jpg,brown_spot
200016.jpg,blast
203053.jpg,bacterial_leaf_blight
200650.jpg,dead_heart
203454.jpg,dead_heart
202762.jpg,blast
202726.jpg,hispa
201888.jpg,hispa
202970.jpg,normal
203078.jpg,blast
202334.jpg,tungro
201924.jpg,dead_heart
203172.jpg,dead_heart
202317.jpg,dead_heart
200021.jpg,normal
202131.jpg,blast
202376.jpg,normal
201664.jpg,blast
202850.jpg,normal
202358.jpg,downy_mildew
203338.jpg,blast
202871.jpg,tungro
201662.jpg,normal
201768.jpg,dead_heart
201911.jpg,blast
202285.jpg,tungro
200825.jpg,tungro
203127.jpg,normal
202111.jpg,normal
202840.jpg,dead_heart
200226.jpg,normal
202697.jpg,blast
200823.jpg,bacterial_panicle_blight
200605.jpg,dead_heart
202993.jpg,hispa
202239.jpg,hispa
201713.jpg,hispa
200434.jpg,bacterial_leaf_blight
203089.jpg,hispa
202509.jpg,tungro
200734.jpg,brown_spot
201463.jpg,tungro
201135.jpg,downy_mildew
201085.jpg,tungro
200256.jpg,blast
200721.jpg,downy_mildew
201987.jpg,dead_heart
200338.jpg,brown_spot
202055.jpg,normal
203150.jpg,normal
200597.jpg,normal
202546.jpg,hispa
201130.jpg,hispa
203231.jpg,bacterial_panicle_blight
203270.jpg,brown_spot
200461.jpg,brown_spot
200235.jpg,tungro
200441.jpg,hispa
202570.jpg,blast
202729.jpg,hispa
201012.jpg,normal
201535.jpg,blast
201090.jpg,bacterial_leaf_blight
201654.jpg,blast
202810.jpg,hispa
200814.jpg,normal
202814.jpg,normal
201816.jpg,bacterial_leaf_streak
202329.jpg,normal
202289.jpg,brown_spot
202290.jpg,normal
202427.jpg,tungro
202432.jpg,bacterial_leaf_blight
202580.jpg,normal
200974.jpg,hispa
202606.jpg,tungro
203154.jpg,tungro
202839.jpg,downy_mildew
200126.jpg,hispa
202975.jpg,normal
202476.jpg,dead_heart
203027.jpg,blast
203046.jpg,tungro
200957.jpg,hispa
201910.jpg,tungro
202595.jpg,hispa
201311.jpg,blast
202585.jpg,tungro
201952.jpg,normal
200556.jpg,bacterial_panicle_blight
202498.jpg,bacterial_leaf_blight
201306.jpg,normal
202752.jpg,tungro
201685.jpg,normal
201749.jpg,brown_spot
200168.jpg,tungro
202023.jpg,normal
202589.jpg,downy_mildew
202269.jpg,normal
200104.jpg,downy_mildew
203279.jpg,brown_spot
203237.jpg,brown_spot
201514.jpg,downy_mildew
200703.jpg,normal
200492.jpg,tungro
202949.jpg,brown_spot
202950.jpg,brown_spot
201362.jpg,bacterial_leaf_streak
201493.jpg,tungro
200592.jpg,normal
201923.jpg,tungro
203253.jpg,hispa
200692.jpg,dead_heart
200883.jpg,dead_heart
202459.jpg,dead_heart
200536.jpg,blast
202515.jpg,downy_mildew
201087.jpg,dead_heart
201709.jpg,downy_mildew
201023.jpg,tungro
200181.jpg,brown_spot
202561.jpg,normal
202500.jpg,downy_mildew
200114.jpg,hispa
203129.jpg,brown_spot
201072.jpg,downy_mildew
200718.jpg,normal
202735.jpg,blast
202026.jpg,normal
202010.jpg,blast
201698.jpg,dead_heart
202319.jpg,dead_heart
202916.jpg,brown_spot
202416.jpg,normal
200714.jpg,downy_mildew
202183.jpg,hispa
203265.jpg,dead_heart
202629.jpg,normal
202390.jpg,hispa
203038.jpg,dead_heart
201521.jpg,brown_spot
202556.jpg,hispa
202445.jpg,normal
201194.jpg,normal
201655.jpg,blast
202052.jpg,brown_spot
201607.jpg,blast
203102.jpg,blast
202761.jpg,blast
200182.jpg,downy_mildew
200023.jpg,bacterial_leaf_blight
202259.jpg,dead_heart
202801.jpg,normal
202020.jpg,blast
200914.jpg,tungro
201347.jpg,normal
200165.jpg,hispa
201304.jpg,bacterial_panicle_blight
203390.jpg,normal
200171.jpg,dead_heart
202030.jpg,downy_mildew
203107.jpg,dead_heart
201870.jpg,tungro
200902.jpg,hispa
203071.jpg,downy_mildew
200009.jpg,hispa
203348.jpg,dead_heart
200531.jpg,hispa
201852.jpg,normal
200450.jpg,dead_heart
203398.jpg,hispa
201516.jpg,blast
200896.jpg,normal
202352.jpg,hispa
201057.jpg,downy_mildew
203103.jpg,brown_spot
200099.jpg,dead_heart
200011.jpg,dead_heart
203441.jpg,bacterial_leaf_streak
202189.jpg,blast
200988.jpg,brown_spot
202656.jpg,blast
202135.jpg,tungro
201557.jpg,dead_heart
200214.jpg,brown_spot
202690.jpg,hispa
203312.jpg,normal
201827.jpg,hispa
200504.jpg,brown_spot
201431.jpg,normal
200355.jpg,downy_mildew
202954.jpg,brown_spot
202025.jpg,dead_heart
200094.jpg,normal
201269.jpg,dead_heart
203464.jpg,bacterial_panicle_blight
201593.jpg,dead_heart
200263.jpg,brown_spot
201499.jpg,normal
201387.jpg,normal
201415.jpg,hispa
201099.jpg,brown_spot
200979.jpg,normal
200372.jpg,normal
203213.jpg,hispa
200726.jpg,dead_heart
202125.jpg,tungro
201202.jpg,normal
202590.jpg,blast
200142.jpg,bacterial_leaf_blight
200330.jpg,blast
202112.jpg,dead_heart
201765.jpg,blast
200813.jpg,normal
201912.jpg,dead_heart
201908.jpg,hispa
203139.jpg,blast
201299.jpg,tungro
202674.jpg,dead_heart
201843.jpg,hispa
202265.jpg,downy_mildew
202301.jpg,hispa
202759.jpg,hispa
202980.jpg,hispa
201974.jpg,hispa
200952.jpg,bacterial_leaf_streak
200285.jpg,brown_spot
200471.jpg,bacterial_leaf_blight
201900.jpg,dead_heart
201732.jpg,tungro
200024.jpg,dead_heart
203109.jpg,hispa
201074.jpg,hispa
201235.jpg,normal
200736.jpg,blast
200344.jpg,blast
202648.jpg,blast
200001.jpg,hispa
203248.jpg,downy_mildew
200779.jpg,normal
200234.jpg,blast
202877.jpg,bacterial_leaf_blight
203375.jpg,tungro
200144.jpg,blast
202636.jpg,hispa
202680.jpg,blast
201260.jpg,downy_mildew
201284.jpg,downy_mildew
200782.jpg,blast
200520.jpg,downy_mildew
200903.jpg,normal
201714.jpg,brown_spot
201439.jpg,normal
200061.jpg,dead_heart
200002.jpg,normal
203307.jpg,blast
202276.jpg,tungro
201232.jpg,tungro
200393.jpg,bacterial_panicle_blight
201240.jpg,bacterial_leaf_streak
203020.jpg,bacterial_leaf_blight
200832.jpg,hispa
201147.jpg,bacterial_panicle_blight
200132.jpg,hispa
202439.jpg,brown_spot
200313.jpg,normal
201118.jpg,blast
202206.jpg,dead_heart
201385.jpg,blast
201934.jpg,normal
201755.jpg,bacterial_leaf_blight
201037.jpg,normal
200702.jpg,tungro
200467.jpg,normal
202042.jpg,hispa
203031.jpg,bacterial_leaf_streak
202480.jpg,hispa
203290.jpg,downy_mildew
201609.jpg,tungro
202341.jpg,bacterial_leaf_streak
200093.jpg,hispa
200781.jpg,bacterial_leaf_streak
201554.jpg,bacterial_leaf_streak
202511.jpg,downy_mildew
200307.jpg,blast
201683.jpg,normal
200976.jpg,normal
202214.jpg,bacterial_leaf_blight
200062.jpg,tungro
200006.jpg,brown_spot
201681.jpg,normal
200451.jpg,dead_heart
200054.jpg,normal
200197.jpg,normal
200018.jpg,hispa
200125.jpg,blast
200137.jpg,normal
200498.jpg,bacterial_leaf_blight
201446.jpg,hispa
202879.jpg,normal
200031.jpg,hispa
203300.jpg,dead_heart
200549.jpg,dead_heart
201276.jpg,dead_heart
201227.jpg,hispa
202121.jpg,hispa
202467.jpg,brown_spot
203081.jpg,bacterial_leaf_streak
200303.jpg,hispa
200223.jpg,dead_heart
201471.jpg,bacterial_leaf_streak
202671.jpg,hispa
203460.jpg,normal
202353.jpg,hispa
201624.jpg,normal
200991.jpg,blast
200981.jpg,bacterial_panicle_blight
201458.jpg,normal
200280.jpg,hispa
202631.jpg,hispa
202566.jpg,bacterial_leaf_blight
202836.jpg,blast
200996.jpg,normal
200383.jpg,normal
202870.jpg,hispa
203399.jpg,downy_mildew
201894.jpg,bacterial_panicle_blight
200664.jpg,brown_spot
200657.jpg,blast
200464.jpg,hispa
201592.jpg,hispa
202875.jpg,dead_heart
201209.jpg,blast
202375.jpg,normal
200160.jpg,bacterial_leaf_blight
202973.jpg,downy_mildew
202133.jpg,hispa
201939.jpg,blast
201426.jpg,bacterial_leaf_streak
201128.jpg,tungro
200563.jpg,hispa
201820.jpg,blast
201052.jpg,brown_spot
201312.jpg,normal
202379.jpg,bacterial_leaf_streak
201476.jpg,dead_heart
202977.jpg,normal
202734.jpg,normal
202443.jpg,bacterial_leaf_blight
201944.jpg,bacterial_leaf_streak
201179.jpg,tungro
201450.jpg,normal
203344.jpg,downy_mildew
202974.jpg,blast
203018.jpg,tungro
201610.jpg,hispa
200676.jpg,dead_heart
203171.jpg,bacterial_panicle_blight
202397.jpg,bacterial_leaf_blight
200804.jpg,brown_spot
200668.jpg,normal
200645.jpg,tungro
201835.jpg,blast
201123.jpg,tungro
201641.jpg,blast
200538.jpg,dead_heart
201474.jpg,hispa
200084.jpg,dead_heart
202563.jpg,hispa
200819.jpg,brown_spot
202307.jpg,bacterial_leaf_streak
200505.jpg,hispa
202108.jpg,downy_mildew
200772.jpg,bacterial_panicle_blight
200584.jpg,blast
201740.jpg,blast
201741.jpg,dead_heart
201230.jpg,brown_spot
203459.jpg,normal
201178.jpg,blast
203430.jpg,blast
202188.jpg,blast
202692.jpg,normal
200532.jpg,normal
200241.jpg,hispa
200807.jpg,blast
201204.jpg,hispa
201157.jpg,blast
200514.jpg,blast
200327.jpg,bacterial_leaf_streak
201575.jpg,brown_spot
203144.jpg,blast
202837.jpg,hispa
202797.jpg,hispa
201378.jpg,brown_spot
200789.jpg,blast
201901.jpg,blast
202157.jpg,normal
202200.jpg,dead_heart
200593.jpg,tungro
202541.jpg,blast
200103.jpg,hispa
201169.jpg,bacterial_leaf_streak
202360.jpg,blast
203051.jpg,brown_spot
201504.jpg,tungro
200121.jpg,dead_heart
200004.jpg,blast
200826.jpg,tungro
200682.jpg,normal
200739.jpg,downy_mildew
201414.jpg,brown_spot
200913.jpg,dead_heart
202209.jpg,blast
202940.jpg,dead_heart
203155.jpg,normal
200332.jpg,hispa
201093.jpg,brown_spot
201497.jpg,tungro
201949.jpg,bacterial_panicle_blight
202227.jpg,blast
201151.jpg,blast
202634.jpg,dead_heart
202070.jpg,normal
200199.jpg,tungro
202742.jpg,dead_heart
201701.jpg,tungro
200691.jpg,dead_heart
201440.jpg,brown_spot
203221.jpg,blast
200098.jpg,tungro
201958.jpg,normal
200138.jpg,brown_spot
202893.jpg,blast
202919.jpg,blast
202447.jpg,hispa
201904.jpg,normal
201769.jpg,dead_heart
200747.jpg,tungro
200404.jpg,hispa
201948.jpg,bacterial_leaf_streak
200694.jpg,brown_spot
201117.jpg,downy_mildew
202095.jpg,normal
202976.jpg,hispa
201039.jpg,bacterial_leaf_blight
201170.jpg,normal
203438.jpg,hispa
200899.jpg,dead_heart
203215.jpg,bacterial_panicle_blight
201404.jpg,hispa
202945.jpg,normal
202841.jpg,hispa
200950.jpg,blast
201589.jpg,hispa
201384.jpg,hispa
201473.jpg,blast
202437.jpg,bacterial_leaf_blight
203299.jpg,tungro
201133.jpg,hispa
200312.jpg,normal
201032.jpg,downy_mildew
202347.jpg,hispa
202255.jpg,dead_heart
200215.jpg,blast
202744.jpg,blast
203077.jpg,normal
202457.jpg,hispa
200724.jpg,dead_heart
201627.jpg,normal
200637.jpg,tungro
202966.jpg,tungro
201365.jpg,blast
203320.jpg,hispa
202959.jpg,hispa
202172.jpg,normal
202691.jpg,bacterial_leaf_streak
200869.jpg,hispa
201249.jpg,hispa
201645.jpg,hispa
202005.jpg,brown_spot
202770.jpg,blast
200380.jpg,normal
202418.jpg,dead_heart
202179.jpg,hispa
201124.jpg,normal
202547.jpg,hispa
200156.jpg,bacterial_leaf_streak
203207.jpg,brown_spot
201019.jpg,normal
201301.jpg,hispa
201811.jpg,hispa
200146.jpg,normal
200085.jpg,downy_mildew
202755.jpg,hispa
203315.jpg,blast
200444.jpg,downy_mildew
203389.jpg,hispa
202922.jpg,tungro
200179.jpg,brown_spot
201777.jpg,bacterial_leaf_streak
202314.jpg,normal
202827.jpg,blast
200953.jpg,brown_spot
203342.jpg,blast
201484.jpg,dead_heart
200666.jpg,hispa
200074.jpg,downy_mildew
200431.jpg,downy_mildew
200379.jpg,blast
200964.jpg,blast
203224.jpg,blast
200350.jpg,blast
200222.jpg,hispa
200949.jpg,brown_spot
200027.jpg,blast
200131.jpg,brown_spot
200620.jpg,bacterial_leaf_streak
202097.jpg,dead_heart
200167.jpg,blast
202885.jpg,tungro
202187.jpg,hispa
201761.jpg,blast
203463.jpg,normal
200698.jpg,normal
203066.jpg,hispa
201915.jpg,blast
202632.jpg,dead_heart
201001.jpg,downy_mildew
200841.jpg,downy_mildew
200803.jpg,dead_heart
203298.jpg,bacterial_leaf_blight
200175.jpg,dead_heart
201477.jpg,tungro
202012.jpg,bacterial_leaf_streak
201718.jpg,bacterial_leaf_blight
200454.jpg,blast
202705.jpg,bacterial_panicle_blight
202986.jpg,hispa
202208.jpg,tungro
200583.jpg,brown_spot
200627.jpg,blast
200424.jpg,tungro
201030.jpg,normal
201051.jpg,brown_spot
201370.jpg,tungro
200219.jpg,brown_spot
200080.jpg,dead_heart
202058.jpg,tungro
201926.jpg,blast
200634.jpg,hispa
202154.jpg,dead_heart
201069.jpg,normal
202115.jpg,normal
201402.jpg,brown_spot
203260.jpg,hispa
203283.jpg,normal
201577.jpg,blast
202550.jpg,blast
201109.jpg,brown_spot
201309.jpg,downy_mildew
201377.jpg,blast
202332.jpg,dead_heart
200032.jpg,dead_heart
200346.jpg,brown_spot
201107.jpg,bacterial_leaf_streak
202082.jpg,dead_heart
203079.jpg,hispa
200840.jpg,tungro
202484.jpg,downy_mildew
202587.jpg,blast
203040.jpg,bacterial_leaf_streak
200757.jpg,normal
202497.jpg,downy_mildew
201639.jpg,brown_spot
201734.jpg,blast
200816.jpg,blast
202496.jpg,blast
203293.jpg,brown_spot
200017.jpg,tungro
200897.jpg,normal
201164.jpg,blast
201747.jpg,dead_heart
202782.jpg,tungro
202505.jpg,brown_spot
201508.jpg,normal
202565.jpg,brown_spot
202516.jpg,blast
203152.jpg,dead_heart
200797.jpg,normal
202197.jpg,hispa
201248.jpg,dead_heart
202997.jpg,normal
201876.jpg,blast
203401.jpg,dead_heart
200497.jpg,normal
202295.jpg,tungro
202799.jpg,bacterial_leaf_blight
202857.jpg,hispa
202772.jpg,blast
200260.jpg,blast
200491.jpg,tungro
200612.jpg,blast
201541.jpg,brown_spot
200673.jpg,hispa
200166.jpg,dead_heart
203446.jpg,tungro
202825.jpg,hispa
200159.jpg,normal
200990.jpg,blast
202615.jpg,brown_spot
202719.jpg,blast
202262.jpg,normal
201215.jpg,normal
200554.jpg,tungro
202533.jpg,normal
202143.jpg,brown_spot
200186.jpg,blast
201638.jpg,bacterial_panicle_blight
202148.jpg,tungro
202357.jpg,normal
203337.jpg,dead_heart
202961.jpg,hispa
200994.jpg,hispa
203250.jpg,tungro
201469.jpg,blast
200586.jpg,dead_heart
203432.jpg,brown_spot
201997.jpg,hispa
200439.jpg,brown_spot
200178.jpg,tungro
202451.jpg,dead_heart
202600.jpg,hispa
200918.jpg,tungro
202695.jpg,blast
201407.jpg,brown_spot
202571.jpg,dead_heart
202225.jpg,blast
201986.jpg,bacterial_leaf_streak
201359.jpg,hispa
202414.jpg,normal
203069.jpg,tungro
200774.jpg,normal
201229.jpg,tungro
201428.jpg,normal
200188.jpg,blast
200488.jpg,brown_spot
200537.jpg,normal
202129.jpg,normal
200616.jpg,brown_spot
202309.jpg,bacterial_leaf_streak
200050.jpg,dead_heart
201434.jpg,blast
201389.jpg,blast
202410.jpg,tungro
201661.jpg,blast
202043.jpg,tungro
203420.jpg,normal
202894.jpg,normal
201606.jpg,tungro
202760.jpg,hispa
201152.jpg,normal
201573.jpg,normal
202611.jpg,hispa
202493.jpg,hispa
202863.jpg,tungro
202568.jpg,dead_heart
202274.jpg,hispa
203156.jpg,blast
200169.jpg,tungro
200888.jpg,brown_spot
203373.jpg,blast
202972.jpg,bacterial_leaf_streak
202017.jpg,blast
200542.jpg,normal
201752.jpg,normal
202887.jpg,normal
202510.jpg,blast
201360.jpg,normal
202219.jpg,normal
202068.jpg,bacterial_leaf_blight
203469.jpg,dead_heart
203076.jpg,blast
201363.jpg,brown_spot
200328.jpg,hispa
203359.jpg,bacterial_leaf_blight
200898.jpg,tungro
202130.jpg,brown_spot
201702.jpg,bacterial_leaf_streak
200265.jpg,normal
200709.jpg,dead_heart
201898.jpg,normal
200755.jpg,bacterial_panicle_blight
202785.jpg,hispa
202901.jpg,dead_heart
201977.jpg,hispa
201778.jpg,normal
200815.jpg,dead_heart
200090.jpg,blast
201763.jpg,downy_mildew
202536.jpg,brown_spot
201063.jpg,normal
200479.jpg,normal
201482.jpg,blast
202468.jpg,tungro
202559.jpg,blast
200860.jpg,normal
201464.jpg,dead_heart
202529.jpg,dead_heart
202401.jpg,blast
202474.jpg,brown_spot
201546.jpg,brown_spot
201917.jpg,tungro
200850.jpg,dead_heart
200044.jpg,hispa
203169.jpg,normal
201643.jpg,hispa
200079.jpg,tungro
203161.jpg,blast
201621.jpg,dead_heart
201255.jpg,hispa
200987.jpg,brown_spot
200945.jpg,dead_heart
200465.jpg,brown_spot
202436.jpg,normal
202508.jpg,downy_mildew
202558.jpg,hispa
201579.jpg,brown_spot
201968.jpg,dead_heart
200288.jpg,normal
200345.jpg,blast
203266.jpg,brown_spot
202085.jpg,normal
200360.jpg,blast
202138.jpg,downy_mildew
202470.jpg,hispa
201070.jpg,hispa
201642.jpg,normal
200648.jpg,downy_mildew
202147.jpg,normal
203331.jpg,downy_mildew
202667.jpg,dead_heart
202045.jpg,blast
200005.jpg,blast
203143.jpg,blast
200780.jpg,blast
202637.jpg,normal
202391.jpg,dead_heart
202140.jpg,dead_heart
200252.jpg,brown_spot
200306.jpg,blast
203141.jpg,normal
202007.jpg,bacterial_panicle_blight
200316.jpg,blast
201357.jpg,bacterial_panicle_blight
202627.jpg,normal
200967.jpg,bacterial_leaf_streak
200569.jpg,tungro
200581.jpg,blast
200455.jpg,hispa
203029.jpg,blast
202884.jpg,dead_heart
202948.jpg,blast
202658.jpg,bacterial_leaf_blight
202306.jpg,bacterial_panicle_blight
202746.jpg,normal
200649.jpg,hispa
201608.jpg,normal
201071.jpg,bacterial_panicle_blight
200767.jpg,blast
203021.jpg,normal
202126.jpg,dead_heart
201020.jpg,downy_mildew
201348.jpg,hispa
201880.jpg,normal
202639.jpg,brown_spot
200735.jpg,tungro
203041.jpg,tungro
200534.jpg,tungro
202231.jpg,hispa
201265.jpg,blast
201354.jpg,normal
201862.jpg,dead_heart
203108.jpg,brown_spot
202035.jpg,tungro
201111.jpg,blast
200862.jpg,normal
200882.jpg,normal
200960.jpg,dead_heart
203468.jpg,bacterial_leaf_streak
200844.jpg,tungro
202686.jpg,hispa
201021.jpg,hispa
201253.jpg,dead_heart
202703.jpg,dead_heart
200971.jpg,dead_heart
201254.jpg,hispa
202246.jpg,blast
201999.jpg,tungro
202604.jpg,blast
203190.jpg,blast
203209.jpg,downy_mildew
203074.jpg,tungro
203405.jpg,blast
203413.jpg,hispa
203095.jpg,hispa
203345.jpg,blast
203218.jpg,brown_spot
201980.jpg,blast
200834.jpg,hispa
201970.jpg,blast
200963.jpg,blast
202608.jpg,hispa
200671.jpg,bacterial_leaf_streak
202396.jpg,hispa
200872.jpg,bacterial_leaf_blight
203408.jpg,hispa
200778.jpg,normal
202426.jpg,blast
202166.jpg,hispa
202298.jpg,normal
202104.jpg,normal
203455.jpg,hispa
202784.jpg,normal
200329.jpg,dead_heart
200025.jpg,blast
200880.jpg,hispa
202281.jpg,normal
200493.jpg,dead_heart
201990.jpg,brown_spot
202089.jpg,normal
202971.jpg,dead_heart
202398.jpg,hispa
202060.jpg,dead_heart
202650.jpg,brown_spot
201744.jpg,brown_spot
201538.jpg,brown_spot
203350.jpg,normal
203376.jpg,bacterial_leaf_streak
201629.jpg,dead_heart
202886.jpg,dead_heart
202790.jpg,tungro
202142.jpg,tungro
200480.jpg,dead_heart
201772.jpg,tungro
201669.jpg,brown_spot
202220.jpg,blast
202158.jpg,hispa
201364.jpg,bacterial_panicle_blight
203416.jpg,brown_spot
200073.jpg,downy_mildew
200810.jpg,blast
200697.jpg,bacterial_leaf_blight
202253.jpg,dead_heart
203285.jpg,bacterial_leaf_blight
200123.jpg,dead_heart
203409.jpg,dead_heart
200272.jpg,bacterial_leaf_streak
201651.jpg,brown_spot
201500.jpg,downy_mildew
201189.jpg,brown_spot
203162.jpg,dead_heart
200707.jpg,tungro
200796.jpg,normal
201553.jpg,blast
202330.jpg,dead_heart
200809.jpg,downy_mildew
201622.jpg,hispa
202395.jpg,bacterial_leaf_streak
200120.jpg,normal
200656.jpg,downy_mildew
200922.jpg,blast
201425.jpg,bacterial_leaf_blight
201848.jpg,brown_spot
202534.jpg,blast
201005.jpg,bacterial_leaf_blight
201879.jpg,hispa
203217.jpg,blast
203036.jpg,hispa
203063.jpg,normal
202542.jpg,downy_mildew
203369.jpg,bacterial_panicle_blight
203287.jpg,normal
201866.jpg,normal
201281.jpg,downy_mildew
201006.jpg,normal
201844.jpg,tungro
201082.jpg,hispa
203111.jpg,normal
203187.jpg,normal
203091.jpg,dead_heart
202696.jpg,hispa
201596.jpg,normal
200973.jpg,bacterial_leaf_blight
201156.jpg,downy_mildew
200846.jpg,tungro
202725.jpg,hispa
201193.jpg,blast
202662.jpg,normal
201630.jpg,brown_spot
202830.jpg,bacterial_panicle_blight
201452.jpg,brown_spot
202486.jpg,normal
202517.jpg,dead_heart
200086.jpg,bacterial_leaf_blight
201925.jpg,normal
201884.jpg,dead_heart
201361.jpg,normal
202936.jpg,brown_spot
201340.jpg,blast
203044.jpg,blast
201247.jpg,normal
201002.jpg,tungro
202067.jpg,blast
201279.jpg,brown_spot
201633.jpg,hispa
201834.jpg,brown_spot
200117.jpg,normal
202560.jpg,blast
201869.jpg,bacterial_leaf_blight
200794.jpg,tungro
203234.jpg,tungro
203366.jpg,dead_heart
200769.jpg,normal
202343.jpg,blast
201882.jpg,blast
201569.jpg,hispa
201510.jpg,downy_mildew
201334.jpg,downy_mildew
203000.jpg,blast
202016.jpg,dead_heart
202202.jpg,dead_heart
200742.jpg,dead_heart
202195.jpg,dead_heart
200286.jpg,normal
201659.jpg,normal
200418.jpg,hispa
200397.jpg,blast
201971.jpg,blast
200821.jpg,normal
200762.jpg,blast
200855.jpg,dead_heart
203304.jpg,blast
203104.jpg,dead_heart
202273.jpg,bacterial_leaf_blight
200046.jpg,bacterial_leaf_blight
203411.jpg,blast
200884.jpg,brown_spot
200283.jpg,dead_heart
201814.jpg,bacterial_leaf_streak
200057.jpg,hispa
203047.jpg,normal
200351.jpg,blast
203360.jpg,tungro
201600.jpg,dead_heart
201753.jpg,normal
203314.jpg,downy_mildew
201110.jpg,hispa
201369.jpg,blast
201341.jpg,brown_spot
202934.jpg,brown_spot
202902.jpg,blast
201210.jpg,normal
202918.jpg,hispa
201656.jpg,dead_heart
202532.jpg,tungro
200153.jpg,downy_mildew
202270.jpg,normal
201114.jpg,brown_spot
200606.jpg,bacterial_leaf_streak
202167.jpg,normal
203346.jpg,hispa
200296.jpg,normal
200829.jpg,blast
201268.jpg,tungro
202425.jpg,blast
201115.jpg,downy_mildew
201298.jpg,dead_heart
203086.jpg,hispa
202465.jpg,blast
203280.jpg,tungro
201042.jpg,blast
201897.jpg,normal
202741.jpg,normal
202013.jpg,hispa
201375.jpg,hispa
203269.jpg,normal
200442.jpg,dead_heart
202791.jpg,tungro
200513.jpg,normal
202584.jpg,dead_heart
202513.jpg,blast
202553.jpg,downy_mildew
201842.jpg,normal
200596.jpg,tungro
200686.jpg,tungro
201687.jpg,bacterial_leaf_streak
203200.jpg,normal
202635.jpg,dead_heart
200311.jpg,normal
202229.jpg,blast
200064.jpg,tungro
202222.jpg,blast
202518.jpg,hispa
201523.jpg,hispa
201648.jpg,tungro
200948.jpg,blast
203148.jpg,brown_spot
202818.jpg,dead_heart
201864.jpg,tungro
202382.jpg,dead_heart
202989.jpg,hispa
202576.jpg,dead_heart
200500.jpg,normal
200738.jpg,dead_heart
202700.jpg,tungro
200523.jpg,hispa
200939.jpg,blast
201025.jpg,blast
201291.jpg,tungro
201161.jpg,blast
203340.jpg,brown_spot
200631.jpg,downy_mildew
200933.jpg,dead_heart
203297.jpg,downy_mildew
201837.jpg,dead_heart
200541.jpg,bacterial_leaf_blight
201011.jpg,normal
203343.jpg,bacterial_panicle_blight
201728.jpg,blast
203068.jpg,normal
200022.jpg,tungro
202720.jpg,hispa
203239.jpg,bacterial_leaf_blight
200058.jpg,tungro
202555.jpg,blast
202464.jpg,dead_heart
201720.jpg,tungro
203059.jpg,bacterial_panicle_blight
201185.jpg,normal
200509.jpg,tungro
200501.jpg,normal
201855.jpg,normal
201599.jpg,dead_heart
200503.jpg,downy_mildew
202739.jpg,bacterial_leaf_streak
201605.jpg,tungro
200567.jpg,blast
200060.jpg,hispa
201998.jpg,tungro
202598.jpg,dead_heart
200287.jpg,bacterial_leaf_streak
202524.jpg,blast
202059.jpg,bacterial_leaf_streak
202134.jpg,bacterial_panicle_blight
202874.jpg,dead_heart
203384.jpg,normal
201809.jpg,blast
201754.jpg,dead_heart
201832.jpg,dead_heart
201200.jpg,hispa
202796.jpg,downy_mildew
200315.jpg,blast
202962.jpg,tungro
202256.jpg,tungro
202787.jpg,blast
201324.jpg,dead_heart
203358.jpg,blast
201930.jpg,dead_heart
202822.jpg,downy_mildew
202921.jpg,normal
200412.jpg,tungro
200636.jpg,downy_mildew
200818.jpg,blast
201743.jpg,bacterial_leaf_streak
201492.jpg,bacterial_panicle_blight
200015.jpg,normal
202303.jpg,bacterial_leaf_blight
201214.jpg,downy_mildew
200112.jpg,blast
201583.jpg,brown_spot
201286.jpg,hispa
202119.jpg,blast
201845.jpg,hispa
201865.jpg,blast
201665.jpg,hispa
201046.jpg,dead_heart
202899.jpg,blast
200056.jpg,dead_heart
200211.jpg,bacterial_leaf_blight
203445.jpg,dead_heart
201277.jpg,dead_heart
200195.jpg,hispa
201120.jpg,blast
200119.jpg,brown_spot
200619.jpg,tungro
200065.jpg,tungro
201505.jpg,dead_heart
200070.jpg,dead_heart
200892.jpg,normal
200812.jpg,normal
202495.jpg,blast
201173.jpg,hispa
202031.jpg,tungro
203354.jpg,blast
202448.jpg,tungro
202419.jpg,hispa
200417.jpg,brown_spot
201159.jpg,blast
202926.jpg,dead_heart
202545.jpg,normal
203330.jpg,normal
202320.jpg,normal
202991.jpg,normal
203151.jpg,downy_mildew
201391.jpg,brown_spot
201271.jpg,blast
202958.jpg,normal
200730.jpg,bacterial_leaf_streak
200128.jpg,hispa
200453.jpg,tungro
202978.jpg,dead_heart
202056.jpg,dead_heart
203274.jpg,normal
200516.jpg,normal
201672.jpg,normal
203117.jpg,downy_mildew
202429.jpg,bacterial_leaf_blight
203415.jpg,hispa
202506.jpg,bacterial_leaf_blight
201602.jpg,downy_mildew
200437.jpg,dead_heart
201320.jpg,downy_mildew
203370.jpg,tungro
203100.jpg,hispa
202327.jpg,blast
201201.jpg,blast
202120.jpg,blast
200946.jpg,downy_mildew
202704.jpg,bacterial_leaf_streak
200484.jpg,tungro
201427.jpg,blast
202228.jpg,dead_heart
200920.jpg,downy_mildew
202160.jpg,normal
200608.jpg,normal
202182.jpg,blast
200274.jpg,tungro
202626.jpg,brown_spot
200659.jpg,hispa
200989.jpg,hispa
202644.jpg,bacterial_panicle_blight
202923.jpg,hispa
200854.jpg,dead_heart
201710.jpg,dead_heart
202521.jpg,dead_heart
200901.jpg,normal
202018.jpg,blast
200469.jpg,blast
202979.jpg,brown_spot
200047.jpg,blast
202645.jpg,normal
202713.jpg,blast
201029.jpg,hispa
202913.jpg,tungro
202955.jpg,hispa
200295.jpg,tungro
203034.jpg,hispa
203017.jpg,dead_heart
202402.jpg,dead_heart
201802.jpg,bacterial_leaf_blight
201421.jpg,tungro
200209.jpg,hispa
200401.jpg,dead_heart
202254.jpg,normal
200432.jpg,bacterial_panicle_blight
200858.jpg,tungro
203206.jpg,blast
201874.jpg,dead_heart
203281.jpg,dead_heart
203264.jpg,normal
202152.jpg,tungro
201840.jpg,bacterial_leaf_blight
201586.jpg,bacterial_leaf_streak
202252.jpg,hispa
201106.jpg,bacterial_leaf_streak
202868.jpg,bacterial_leaf_blight
201233.jpg,dead_heart
203197.jpg,dead_heart
200091.jpg,brown_spot
202243.jpg,normal
200481.jpg,normal
200926.jpg,blast
203361.jpg,hispa
202322.jpg,brown_spot
200722.jpg,brown_spot
201095.jpg,blast
202678.jpg,downy_mildew
200334.jpg,brown_spot
201495.jpg,bacterial_leaf_blight
201715.jpg,bacterial_leaf_blight
200938.jpg,blast
201819.jpg,normal
201502.jpg,tungro
202460.jpg,blast
202199.jpg,blast
200980.jpg,blast
200496.jpg,bacterial_leaf_blight
201890.jpg,bacterial_leaf_streak
201327.jpg,dead_heart
201851.jpg,normal
201868.jpg,bacterial_leaf_blight
202102.jpg,brown_spot
202682.jpg,blast
202458.jpg,normal
203159.jpg,bacterial_panicle_blight
200218.jpg,blast
202387.jpg,normal
202481.jpg,hispa
200224.jpg,normal
201478.jpg,dead_heart
203379.jpg,dead_heart
201116.jpg,normal
201708.jpg,bacterial_panicle_blight
201337.jpg,downy_mildew
201257.jpg,bacterial_leaf_blight
200588.jpg,blast
201418.jpg,dead_heart
202766.jpg,blast
200733.jpg,blast
203192.jpg,blast
201841.jpg,hispa
201024.jpg,blast
200042.jpg,brown_spot
201873.jpg,normal
201667.jpg,normal
200255.jpg,blast
201788.jpg,blast
201693.jpg,bacterial_panicle_blight
201618.jpg,blast
201432.jpg,hispa
200366.jpg,blast
202193.jpg,normal
202103.jpg,normal
200900.jpg,normal
201598.jpg,hispa
200373.jpg,normal
200273.jpg,normal
203336.jpg,normal
203001.jpg,dead_heart
200962.jpg,bacterial_leaf_streak
202000.jpg,hispa
200133.jpg,hispa
202454.jpg,blast
202649.jpg,bacterial_leaf_blight
203075.jpg,dead_heart
201591.jpg,bacterial_leaf_blight
200942.jpg,hispa
201775.jpg,bacterial_leaf_streak
200446.jpg,blast
202754.jpg,bacterial_leaf_blight
202267.jpg,brown_spot
203227.jpg,bacterial_leaf_blight
200785.jpg,normal
203236.jpg,dead_heart
200319.jpg,normal
200240.jpg,brown_spot
202710.jpg,downy_mildew
201825.jpg,hispa
203374.jpg,normal
202643.jpg,dead_heart
203433.jpg,dead_heart
200183.jpg,normal
203182.jpg,hispa
203146.jpg,hispa
202094.jpg,normal
203199.jpg,hispa
201187.jpg,normal
201399.jpg,bacterial_panicle_blight
200728.jpg,brown_spot
202029.jpg,dead_heart
201316.jpg,blast
201013.jpg,normal
203249.jpg,normal
202727.jpg,bacterial_panicle_blight
201222.jpg,brown_spot
201794.jpg,tungro
202659.jpg,normal
201308.jpg,dead_heart
200460.jpg,hispa
202469.jpg,downy_mildew
201353.jpg,blast
201160.jpg,hispa
200490.jpg,downy_mildew
203219.jpg,dead_heart
200669.jpg,tungro
202507.jpg,brown_spot
200647.jpg,hispa
201207.jpg,dead_heart
201350.jpg,tungro
201895.jpg,normal
202819.jpg,normal
201875.jpg,brown_spot
200674.jpg,normal
202990.jpg,normal
202368.jpg,blast
203064.jpg,hispa
202434.jpg,downy_mildew
200600.jpg,normal
203057.jpg,brown_spot
201963.jpg,blast
201208.jpg,normal
201660.jpg,hispa
200399.jpg,brown_spot
201737.jpg,hispa
200776.jpg,dead_heart
201985.jpg,normal
202048.jpg,dead_heart
203335.jpg,bacterial_leaf_blight
201352.jpg,hispa
201400.jpg,dead_heart
203440.jpg,blast
201303.jpg,blast
202618.jpg,brown_spot
201764.jpg,hispa
202101.jpg,normal
203429.jpg,normal
200367.jpg,normal
200371.jpg,tungro
201338.jpg,hispa
202288.jpg,brown_spot
202527.jpg,blast
201936.jpg,tungro
200550.jpg,tungro
200624.jpg,hispa
203083.jpg,hispa
203241.jpg,blast
200568.jpg,bacterial_panicle_blight
202681.jpg,normal
201878.jpg,normal
202428.jpg,blast
200889.jpg,downy_mildew
201690.jpg,brown_spot
200051.jpg,blast
202122.jpg,downy_mildew
200410.jpg,downy_mildew
202826.jpg,dead_heart
201899.jpg,hispa
202619.jpg,hispa
201289.jpg,bacterial_panicle_blight
200036.jpg,hispa
200771.jpg,bacterial_leaf_blight
203178.jpg,blast
203243.jpg,brown_spot
202351.jpg,blast
201416.jpg,dead_heart
202369.jpg,tungro
200395.jpg,hispa
203130.jpg,blast
200233.jpg,blast
200301.jpg,tungro
201625.jpg,dead_heart
201833.jpg,blast
201212.jpg,normal
203305.jpg,normal
203099.jpg,bacterial_panicle_blight
202242.jpg,hispa
202846.jpg,blast
202820.jpg,brown_spot
200409.jpg,bacterial_leaf_blight
201061.jpg,brown_spot
201218.jpg,hispa
200799.jpg,dead_heart
202519.jpg,bacterial_leaf_blight
202581.jpg,tungro
200269.jpg,hispa
202144.jpg,hispa
200768.jpg,dead_heart
202984.jpg,brown_spot
202867.jpg,tungro
203402.jpg,blast
201293.jpg,dead_heart
201581.jpg,tungro
200970.jpg,bacterial_leaf_blight
202834.jpg,tungro
200640.jpg,dead_heart
202100.jpg,brown_spot
200851.jpg,brown_spot
203110.jpg,dead_heart
200043.jpg,bacterial_leaf_streak
202575.jpg,brown_spot
203436.jpg,bacterial_leaf_blight
200413.jpg,hispa
201220.jpg,dead_heart
203011.jpg,dead_heart
201674.jpg,brown_spot
203456.jpg,tungro
203419.jpg,bacterial_leaf_blight
200927.jpg,tungro
203097.jpg,blast
202247.jpg,normal
202554.jpg,bacterial_leaf_streak
200066.jpg,tungro
201386.jpg,blast
202365.jpg,blast
200422.jpg,hispa
201620.jpg,blast
200566.jpg,downy_mildew
202548.jpg,dead_heart
200387.jpg,blast
202485.jpg,downy_mildew
201839.jpg,brown_spot
203050.jpg,hispa
202066.jpg,tungro
200790.jpg,normal
200853.jpg,bacterial_panicle_blight
200891.jpg,hispa
202661.jpg,normal
200842.jpg,dead_heart
201217.jpg,dead_heart
201088.jpg,blast
201540.jpg,hispa
201048.jpg,hispa
200633.jpg,brown_spot
200236.jpg,dead_heart
200577.jpg,brown_spot
201634.jpg,dead_heart
201022.jpg,dead_heart
200615.jpg,bacterial_leaf_blight
200342.jpg,bacterial_leaf_streak
203168.jpg,hispa
201381.jpg,tungro
201547.jpg,hispa
201795.jpg,blast
202821.jpg,brown_spot
203424.jpg,blast
202931.jpg,downy_mildew
200020.jpg,dead_heart
201914.jpg,normal
203435.jpg,normal
202412.jpg,blast
201371.jpg,dead_heart
200423.jpg,bacterial_panicle_blight
202876.jpg,normal
201543.jpg,normal
200677.jpg,normal
200604.jpg,normal
202842.jpg,downy_mildew
201487.jpg,tungro
202074.jpg,normal
202275.jpg,bacterial_leaf_blight
201812.jpg,dead_heart
200798.jpg,blast
200571.jpg,dead_heart
203214.jpg,hispa
203009.jpg,hispa
202845.jpg,tungro
202630.jpg,downy_mildew
202912.jpg,tungro
202927.jpg,dead_heart
202965.jpg,normal
203259.jpg,tungro
201166.jpg,dead_heart
202292.jpg,blast
202805.jpg,bacterial_leaf_blight
201323.jpg,blast
200361.jpg,brown_spot
201539.jpg,brown_spot
203294.jpg,dead_heart
203247.jpg,blast
201143.jpg,bacterial_leaf_blight
202257.jpg,normal
201736.jpg,bacterial_leaf_streak
202435.jpg,blast
202935.jpg,brown_spot
201134.jpg,bacterial_panicle_blight
201103.jpg,blast
201994.jpg,hispa
202001.jpg,hispa
200427.jpg,brown_spot
202602.jpg,blast
200130.jpg,bacterial_panicle_blight
200696.jpg,hispa
201551.jpg,hispa
200436.jpg,downy_mildew
202798.jpg,hispa
201550.jpg,blast
201078.jpg,downy_mildew
202442.jpg,blast
201167.jpg,blast
201016.jpg,dead_heart
201163.jpg,hispa
203008.jpg,downy_mildew
201953.jpg,dead_heart
200297.jpg,blast
200331.jpg,blast
200777.jpg,blast
201867.jpg,hispa
202953.jpg,bacterial_panicle_blight
201349.jpg,hispa
203039.jpg,normal
201015.jpg,normal
201420.jpg,dead_heart
201891.jpg,hispa
201038.jpg,hispa
200115.jpg,dead_heart
200105.jpg,normal
200059.jpg,bacterial_leaf_blight
203404.jpg,blast
201937.jpg,downy_mildew
200752.jpg,bacterial_leaf_blight
203140.jpg,dead_heart
202163.jpg,blast
201969.jpg,dead_heart
200184.jpg,blast
200173.jpg,normal
202992.jpg,dead_heart
203238.jpg,normal
201034.jpg,bacterial_leaf_streak
201366.jpg,dead_heart
201355.jpg,bacterial_leaf_blight
202624.jpg,tungro
200110.jpg,blast
201920.jpg,normal
201705.jpg,bacterial_leaf_streak
200685.jpg,downy_mildew
202218.jpg,normal
200152.jpg,blast
202943.jpg,normal
203465.jpg,dead_heart
202664.jpg,bacterial_leaf_streak
203244.jpg,normal
200936.jpg,blast
202057.jpg,hispa
200512.jpg,hispa
200658.jpg,dead_heart
201916.jpg,brown_spot
200378.jpg,dead_heart
200570.jpg,bacterial_leaf_blight
200824.jpg,bacterial_leaf_blight
202878.jpg,normal
201188.jpg,dead_heart
201545.jpg,hispa
202537.jpg,tungro
202777.jpg,brown_spot
200617.jpg,hispa
200628.jpg,dead_heart
203119.jpg,dead_heart
201803.jpg,tungro
201817.jpg,tungro
202788.jpg,dead_heart
202374.jpg,dead_heart
203242.jpg,blast
201073.jpg,blast
200861.jpg,brown_spot
201906.jpg,dead_heart
201004.jpg,normal
200385.jpg,hispa
200805.jpg,hispa
203395.jpg,normal
200655.jpg,brown_spot
201075.jpg,bacterial_leaf_blight
200555.jpg,hispa
203062.jpg,dead_heart
201822.jpg,brown_spot
203105.jpg,normal
200476.jpg,dead_heart
202967.jpg,dead_heart
200246.jpg,blast
202308.jpg,hispa
202753.jpg,dead_heart
200127.jpg,blast
201954.jpg,brown_spot
202372.jpg,normal
201922.jpg,bacterial_leaf_streak
200198.jpg,blast
202669.jpg,blast
203094.jpg,hispa
201951.jpg,hispa
200528.jpg,dead_heart
200478.jpg,downy_mildew
202596.jpg,bacterial_leaf_blight
202811.jpg,blast
203347.jpg,normal
202223.jpg,bacterial_panicle_blight
202882.jpg,dead_heart
200704.jpg,normal
200921.jpg,normal
202238.jpg,blast
200849.jpg,bacterial_panicle_blight
200408.jpg,dead_heart
202737.jpg,bacterial_leaf_blight
200660.jpg,dead_heart
203258.jpg,blast
203383.jpg,dead_heart
201383.jpg,dead_heart
201322.jpg,hispa
202567.jpg,normal
201086.jpg,dead_heart
201049.jpg,tungro
200836.jpg,hispa
201261.jpg,hispa
202463.jpg,blast
203313.jpg,normal
201076.jpg,tungro
201649.jpg,hispa
202574.jpg,tungro
200717.jpg,bacterial_leaf_streak
201612.jpg,bacterial_panicle_blight
200242.jpg,brown_spot
203137.jpg,bacterial_panicle_blight
202446.jpg,hispa
201501.jpg,bacterial_leaf_blight
201228.jpg,blast
201278.jpg,dead_heart
202110.jpg,blast
200333.jpg,hispa
200801.jpg,hispa
200923.jpg,normal
200097.jpg,blast
201991.jpg,blast
201186.jpg,downy_mildew
201993.jpg,normal
201699.jpg,tungro
201379.jpg,normal
202423.jpg,bacterial_leaf_streak
202116.jpg,hispa
201678.jpg,normal
201127.jpg,normal
200688.jpg,bacterial_leaf_blight
201409.jpg,dead_heart
201767.jpg,bacterial_panicle_blight
201668.jpg,normal
202562.jpg,bacterial_panicle_blight
200290.jpg,normal
202736.jpg,tungro
201043.jpg,downy_mildew
202944.jpg,blast
203362.jpg,normal
202765.jpg,normal
202192.jpg,normal
202538.jpg,normal
203377.jpg,brown_spot
200193.jpg,normal
200843.jpg,hispa
201294.jpg,normal
202689.jpg,dead_heart
202444.jpg,hispa
203106.jpg,downy_mildew
201060.jpg,bacterial_leaf_blight
201470.jpg,blast
200203.jpg,bacterial_leaf_streak
200713.jpg,blast
202543.jpg,blast
200545.jpg,dead_heart
202107.jpg,brown_spot
201376.jpg,blast
201786.jpg,blast
200040.jpg,tungro
202170.jpg,normal
200194.jpg,brown_spot
200347.jpg,brown_spot
202748.jpg,normal
200028.jpg,brown_spot
202191.jpg,downy_mildew
201003.jpg,tungro
203319.jpg,bacterial_leaf_streak
200985.jpg,hispa
201091.jpg,normal
200406.jpg,blast
201525.jpg,normal
200547.jpg,bacterial_leaf_streak
201694.jpg,tungro
202081.jpg,dead_heart
200765.jpg,hispa
201436.jpg,hispa
202038.jpg,bacterial_panicle_blight
202277.jpg,dead_heart
201417.jpg,hispa
203080.jpg,normal
202323.jpg,normal
202363.jpg,dead_heart
203442.jpg,bacterial_panicle_blight
201234.jpg,hispa
202909.jpg,blast
200839.jpg,brown_spot
202910.jpg,bacterial_leaf_streak
202757.jpg,downy_mildew
203135.jpg,dead_heart
200384.jpg,bacterial_leaf_blight
202384.jpg,normal
202860.jpg,normal
201098.jpg,downy_mildew
202325.jpg,blast
201401.jpg,bacterial_panicle_blight
201711.jpg,bacterial_leaf_blight
201244.jpg,normal
200894.jpg,blast
200731.jpg,tungro
202937.jpg,dead_heart
201343.jpg,hispa
200603.jpg,dead_heart
200462.jpg,hispa
200292.jpg,hispa
202864.jpg,tungro
201333.jpg,brown_spot
201981.jpg,tungro
200580.jpg,downy_mildew
202168.jpg,blast
201871.jpg,bacterial_leaf_blight
202701.jpg,hispa
200661.jpg,blast
201611.jpg,normal
202063.jpg,blast
203149.jpg,blast
202483.jpg,downy_mildew
201703.jpg,hispa
202676.jpg,normal
202286.jpg,dead_heart
201791.jpg,hispa
201955.jpg,dead_heart
200741.jpg,dead_heart
200430.jpg,hispa
203394.jpg,bacterial_leaf_blight
202907.jpg,bacterial_panicle_blight
200420.jpg,tungro
201780.jpg,hispa
201467.jpg,downy_mildew
202800.jpg,hispa
202409.jpg,brown_spot
200248.jpg,normal
200530.jpg,normal
201351.jpg,hispa
200595.jpg,blast
200185.jpg,dead_heart
201283.jpg,tungro
202620.jpg,hispa
202646.jpg,tungro
203380.jpg,dead_heart
202776.jpg,blast
201259.jpg,normal
201739.jpg,bacterial_panicle_blight
200250.jpg,blast
200759.jpg,blast
202715.jpg,normal
202941.jpg,brown_spot
202413.jpg,dead_heart
202523.jpg,tungro
200229.jpg,normal
202185.jpg,bacterial_panicle_blight
200773.jpg,bacterial_leaf_streak
203254.jpg,brown_spot
201801.jpg,hispa
200621.jpg,normal
200141.jpg,dead_heart
200353.jpg,blast
201184.jpg,tungro
200375.jpg,blast
203004.jpg,tungro
200808.jpg,dead_heart
203306.jpg,dead_heart
202557.jpg,downy_mildew
203403.jpg,tungro
200174.jpg,hispa
200494.jpg,blast
200995.jpg,brown_spot
201408.jpg,brown_spot
202326.jpg,dead_heart
202034.jpg,tungro
202271.jpg,blast
203035.jpg,bacterial_leaf_blight
200639.jpg,blast
200565.jpg,tungro
201751.jpg,normal
202502.jpg,brown_spot
200324.jpg,normal
200871.jpg,tungro
202625.jpg,downy_mildew
202139.jpg,bacterial_leaf_blight
202514.jpg,normal
201617.jpg,tungro
200680.jpg,tungro
200076.jpg,brown_spot
201174.jpg,hispa
200081.jpg,dead_heart
201410.jpg,tungro
200502.jpg,normal
202721.jpg,brown_spot
200623.jpg,blast
203014.jpg,downy_mildew
202336.jpg,hispa
201445.jpg,tungro
202853.jpg,dead_heart
201102.jpg,dead_heart
203013.jpg,hispa
200279.jpg,bacterial_leaf_streak
200177.jpg,bacterial_leaf_blight
201522.jpg,bacterial_leaf_streak
200227.jpg,dead_heart
201380.jpg,normal
202653.jpg,normal
201940.jpg,brown_spot
203284.jpg,normal
201044.jpg,normal
203286.jpg,blast
201219.jpg,dead_heart
200519.jpg,brown_spot
201588.jpg,blast
200749.jpg,blast
201565.jpg,hispa
202184.jpg,downy_mildew
200857.jpg,blast
200336.jpg,downy_mildew
200887.jpg,dead_heart
201498.jpg,hispa
202666.jpg,dead_heart
200111.jpg,hispa
202433.jpg,blast
200190.jpg,bacterial_leaf_blight
202730.jpg,hispa
200560.jpg,normal
200551.jpg,hispa
200035.jpg,dead_heart
202150.jpg,dead_heart
200925.jpg,bacterial_leaf_streak
201530.jpg,normal
200515.jpg,dead_heart
202004.jpg,blast
202009.jpg,hispa
202385.jpg,hispa
200101.jpg,hispa
201815.jpg,tungro
203019.jpg,hispa
203134.jpg,hispa
200895.jpg,blast
202408.jpg,dead_heart
200268.jpg,hispa
201154.jpg,dead_heart
203204.jpg,normal
200440.jpg,brown_spot
201491.jpg,tungro
201100.jpg,tungro
201031.jpg,bacterial_leaf_streak
200374.jpg,blast
200428.jpg,downy_mildew
202638.jpg,dead_heart
200873.jpg,tungro
201406.jpg,hispa
201305.jpg,hispa
200740.jpg,normal
203396.jpg,bacterial_leaf_blight
200521.jpg,blast
202430.jpg,brown_spot
202718.jpg,dead_heart
200811.jpg,bacterial_panicle_blight
201631.jpg,hispa
202914.jpg,blast
202724.jpg,dead_heart
200750.jpg,bacterial_leaf_blight
201938.jpg,hispa
200630.jpg,bacterial_leaf_blight
201442.jpg,normal
202086.jpg,normal
202722.jpg,normal
203132.jpg,tungro
200751.jpg,bacterial_leaf_streak
202815.jpg,normal
202291.jpg,normal
201807.jpg,blast
200830.jpg,blast
200472.jpg,hispa
202251.jpg,brown_spot
200527.jpg,bacterial_panicle_blight
202996.jpg,brown_spot
202750.jpg,blast
201475.jpg,hispa
200783.jpg,hispa
202723.jpg,normal
201582.jpg,normal
203191.jpg,dead_heart
202915.jpg,dead_heart
201982.jpg,dead_heart
202174.jpg,normal
201054.jpg,tungro
202582.jpg,bacterial_leaf_blight
201168.jpg,tungro
202579.jpg,tungro
203256.jpg,tungro
200416.jpg,blast
202601.jpg,brown_spot
202654.jpg,hispa
201285.jpg,hispa
202348.jpg,hispa
201725.jpg,blast
200155.jpg,downy_mildew
203302.jpg,bacterial_panicle_blight
202872.jpg,blast
200977.jpg,hispa
200763.jpg,downy_mildew
200909.jpg,brown_spot
201390.jpg,normal
202817.jpg,bacterial_leaf_blight
202405.jpg,dead_heart
200975.jpg,tungro
201422.jpg,tungro
201196.jpg,normal
201792.jpg,tungro
203451.jpg,brown_spot
202240.jpg,normal
200394.jpg,normal
200435.jpg,hispa
201956.jpg,dead_heart
200993.jpg,tungro
202535.jpg,bacterial_leaf_blight
202928.jpg,normal
200966.jpg,dead_heart
203113.jpg,blast
201782.jpg,hispa
201931.jpg,downy_mildew
202740.jpg,tungro
201480.jpg,blast
203072.jpg,tungro
202544.jpg,hispa
202616.jpg,downy_mildew
203185.jpg,brown_spot
200701.jpg,blast
200828.jpg,normal
201829.jpg,hispa
200982.jpg,tungro
201549.jpg,brown_spot
200013.jpg,normal
200683.jpg,tungro
200102.jpg,hispa
201886.jpg,bacterial_leaf_streak
203177.jpg,brown_spot
203364.jpg,tungro
200262.jpg,brown_spot
202957.jpg,normal
201282.jpg,dead_heart
201457.jpg,brown_spot
200507.jpg,blast
202698.jpg,normal
202572.jpg,brown_spot
200392.jpg,normal
200670.jpg,hispa
203002.jpg,normal
200364.jpg,dead_heart
200448.jpg,tungro
201512.jpg,blast
202181.jpg,normal
203246.jpg,normal
201548.jpg,tungro
202795.jpg,blast
202003.jpg,normal
202861.jpg,bacterial_panicle_blight
200529.jpg,brown_spot
203428.jpg,downy_mildew
201626.jpg,blast
200916.jpg,brown_spot
200699.jpg,dead_heart
202487.jpg,hispa
200487.jpg,hispa
201238.jpg,tungro
200228.jpg,blast
201438.jpg,hispa
201692.jpg,bacterial_leaf_blight
202895.jpg,downy_mildew
202054.jpg,hispa
200302.jpg,dead_heart
201028.jpg,tungro
203311.jpg,dead_heart
201068.jpg,tungro
202891.jpg,tungro
200357.jpg,bacterial_leaf_streak
202564.jpg,normal
200992.jpg,normal
202883.jpg,dead_heart
200786.jpg,bacterial_leaf_blight
201325.jpg,dead_heart
200553.jpg,bacterial_leaf_streak
203233.jpg,tungro
203061.jpg,hispa
202272.jpg,brown_spot
200705.jpg,hispa
201148.jpg,bacterial_leaf_blight
203173.jpg,blast
200760.jpg,downy_mildew
200012.jpg,hispa
202717.jpg,tungro
203289.jpg,blast
200135.jpg,downy_mildew
201455.jpg,dead_heart
201564.jpg,brown_spot
201273.jpg,blast
202233.jpg,bacterial_leaf_blight
202008.jpg,normal
200289.jpg,blast
201295.jpg,dead_heart
203133.jpg,bacterial_leaf_blight
203397.jpg,tungro
201511.jpg,tungro
200524.jpg,tungro
202141.jpg,brown_spot
201010.jpg,blast
201451.jpg,dead_heart
203447.jpg,normal
201300.jpg,dead_heart
201326.jpg,hispa
202084.jpg,dead_heart
201635.jpg,tungro
200237.jpg,brown_spot
201771.jpg,hispa
202489.jpg,dead_heart
203128.jpg,blast
203124.jpg,tungro
202302.jpg,normal
203391.jpg,normal
202675.jpg,blast
202046.jpg,tungro
201945.jpg,blast
202888.jpg,hispa
203235.jpg,hispa
201766.jpg,blast
202769.jpg,hispa
201192.jpg,tungro
201182.jpg,tungro
200700.jpg,dead_heart
200189.jpg,dead_heart
202065.jpg,brown_spot
202201.jpg,hispa
200934.jpg,blast
202494.jpg,normal
202406.jpg,blast
202090.jpg,brown_spot
203096.jpg,blast
200340.jpg,dead_heart
202205.jpg,normal
202998.jpg,dead_heart
202177.jpg,brown_spot
200466.jpg,tungro
200589.jpg,normal
202128.jpg,tungro
202672.jpg,normal
200352.jpg,blast
201818.jpg,blast
200356.jpg,blast
201537.jpg,brown_spot
201267.jpg,blast
201719.jpg,dead_heart
202123.jpg,normal
200910.jpg,dead_heart
201165.jpg,blast
200642.jpg,dead_heart
202838.jpg,dead_heart
201405.jpg,bacterial_leaf_streak
200145.jpg,blast
202260.jpg,bacterial_leaf_streak
201983.jpg,normal
203240.jpg,dead_heart
202359.jpg,hispa
203378.jpg,normal
200314.jpg,brown_spot
202190.jpg,normal
201909.jpg,normal
201796.jpg,bacterial_leaf_blight
203466.jpg,hispa
201933.jpg,brown_spot
203195.jpg,dead_heart
201735.jpg,bacterial_leaf_streak
201787.jpg,blast
202083.jpg,blast
203165.jpg,blast
200253.jpg,blast
202127.jpg,tungro
201122.jpg,normal
200690.jpg,brown_spot
200113.jpg,normal
202452.jpg,blast
200216.jpg,brown_spot
201623.jpg,brown_spot
201125.jpg,tungro
202176.jpg,brown_spot
200915.jpg,normal
200868.jpg,normal
200646.jpg,tungro
202982.jpg,tungro
200827.jpg,normal
203418.jpg,bacterial_panicle_blight
201065.jpg,blast
202994.jpg,blast
203321.jpg,bacterial_leaf_blight
202747.jpg,normal
201723.jpg,tungro
201921.jpg,tungro
200572.jpg,normal
201429.jpg,hispa
200463.jpg,blast
200205.jpg,tungro
202280.jpg,tungro
203439.jpg,brown_spot
200429.jpg,blast
200281.jpg,brown_spot
200389.jpg,dead_heart
200559.jpg,hispa
201272.jpg,hispa
202438.jpg,hispa
202522.jpg,hispa
203126.jpg,normal
200244.jpg,hispa
203367.jpg,hispa
202783.jpg,hispa
200238.jpg,blast
200499.jpg,dead_heart
201707.jpg,dead_heart
201367.jpg,blast
200907.jpg,normal
201448.jpg,tungro
202812.jpg,blast
200716.jpg,brown_spot
201252.jpg,hispa
200358.jpg,hispa
203166.jpg,hispa
202900.jpg,bacterial_panicle_blight
202211.jpg,normal
203387.jpg,blast
201280.jpg,hispa
203114.jpg,brown_spot
203012.jpg,blast
202424.jpg,normal
202455.jpg,normal
201346.jpg,brown_spot
203232.jpg,brown_spot
201653.jpg,brown_spot
202665.jpg,blast
202995.jpg,hispa
201180.jpg,brown_spot
200625.jpg,hispa
200585.jpg,blast
201430.jpg,brown_spot
200984.jpg,downy_mildew
200398.jpg,blast
201162.jpg,normal
202593.jpg,dead_heart
200792.jpg,dead_heart
202614.jpg,blast
201531.jpg,hispa
203326.jpg,dead_heart
202640.jpg,brown_spot
202804.jpg,hispa
203467.jpg,normal
200788.jpg,dead_heart
201856.jpg,dead_heart
201211.jpg,bacterial_panicle_blight
200932.jpg,dead_heart
202216.jpg,blast
200322.jpg,downy_mildew
200835.jpg,normal
201307.jpg,blast
203025.jpg,dead_heart
200348.jpg,hispa
202605.jpg,bacterial_leaf_streak
202651.jpg,dead_heart
201035.jpg,tungro
200106.jpg,blast
203032.jpg,bacterial_leaf_blight
200187.jpg,hispa
201671.jpg,tungro
202813.jpg,normal
200870.jpg,normal
202266.jpg,hispa
203142.jpg,downy_mildew
202407.jpg,normal
203444.jpg,hispa
200944.jpg,dead_heart
202383.jpg,hispa
202011.jpg,tungro
201119.jpg,blast
200609.jpg,normal
201976.jpg,hispa
202641.jpg,bacterial_leaf_streak
203325.jpg,normal
203016.jpg,brown_spot
202687.jpg,normal
203121.jpg,hispa
203372.jpg,hispa
202699.jpg,dead_heart
201336.jpg,downy_mildew
200449.jpg,blast
201779.jpg,brown_spot
202072.jpg,brown_spot
203138.jpg,hispa
201411.jpg,dead_heart
202315.jpg,dead_heart
200622.jpg,dead_heart
200766.jpg,hispa
200204.jpg,downy_mildew
201456.jpg,brown_spot
201345.jpg,blast
202283.jpg,brown_spot
201027.jpg,normal
203422.jpg,normal
201686.jpg,blast
202504.jpg,dead_heart
201587.jpg,brown_spot
202657.jpg,dead_heart
201506.jpg,dead_heart
200695.jpg,blast
203222.jpg,hispa
202258.jpg,normal
200325.jpg,tungro
201177.jpg,normal
202823.jpg,dead_heart
203355.jpg,normal
202226.jpg,blast
201824.jpg,dead_heart
203210.jpg,downy_mildew
200089.jpg,tungro
203332.jpg,downy_mildew
201544.jpg,bacterial_panicle_blight
203164.jpg,dead_heart
202318.jpg,normal
201849.jpg,normal
200077.jpg,hispa
202731.jpg,downy_mildew
201183.jpg,blast
200239.jpg,hispa
201536.jpg,blast
200299.jpg,normal
202386.jpg,dead_heart
201738.jpg,normal
201314.jpg,brown_spot
201742.jpg,brown_spot
201988.jpg,hispa
200052.jpg,tungro
200533.jpg,brown_spot
200267.jpg,tungro
203065.jpg,brown_spot
202098.jpg,blast
200247.jpg,tungro
200675.jpg,hispa
203082.jpg,normal
200391.jpg,brown_spot
202392.jpg,bacterial_leaf_streak
200026.jpg,hispa
200654.jpg,blast
201142.jpg,normal
201959.jpg,tungro
202394.jpg,tungro
200653.jpg,hispa
200591.jpg,blast
203023.jpg,hispa
201647.jpg,tungro
200864.jpg,bacterial_leaf_blight
200643.jpg,hispa
203147.jpg,blast
201962.jpg,tungro
200458.jpg,blast
203329.jpg,dead_heart
201297.jpg,brown_spot
202652.jpg,dead_heart
201172.jpg,tungro
201853.jpg,hispa
200148.jpg,blast
201461.jpg,dead_heart
201395.jpg,normal
201460.jpg,blast
202453.jpg,normal
201562.jpg,hispa
203257.jpg,brown_spot
200802.jpg,blast
200684.jpg,normal
201657.jpg,normal
203322.jpg,hispa
201009.jpg,brown_spot
201798.jpg,normal
202951.jpg,bacterial_panicle_blight
203333.jpg,dead_heart
200610.jpg,blast
202749.jpg,hispa
200407.jpg,hispa
202906.jpg,dead_heart
202263.jpg,dead_heart
203251.jpg,hispa
203272.jpg,normal
200310.jpg,tungro
201398.jpg,tungro
200116.jpg,hispa
202114.jpg,downy_mildew
201950.jpg,bacterial_panicle_blight
201223.jpg,dead_heart
201984.jpg,hispa
203118.jpg,blast
203030.jpg,dead_heart
201454.jpg,blast
203371.jpg,downy_mildew
201083.jpg,blast
200678.jpg,hispa
201437.jpg,dead_heart
202851.jpg,tungro
203334.jpg,normal
200930.jpg,tungro
202908.jpg,normal
200665.jpg,downy_mildew
201721.jpg,dead_heart
202449.jpg,brown_spot
200096.jpg,tungro
201584.jpg,bacterial_leaf_blight
200354.jpg,downy_mildew
203123.jpg,hispa
201532.jpg,hispa
202268.jpg,blast
200034.jpg,brown_spot
201488.jpg,blast
200140.jpg,tungro
202014.jpg,dead_heart
202236.jpg,hispa
202049.jpg,hispa
200277.jpg,normal
202339.jpg,blast
202305.jpg,blast
201907.jpg,bacterial_leaf_streak
201206.jpg,normal
201526.jpg,bacterial_panicle_blight
200163.jpg,dead_heart
201290.jpg,dead_heart
201396.jpg,hispa
201637.jpg,tungro
201640.jpg,dead_heart
200969.jpg,blast
202938.jpg,tungro
201989.jpg,blast
200663.jpg,downy_mildew
203049.jpg,hispa
200320.jpg,hispa
200635.jpg,normal
203303.jpg,dead_heart
201684.jpg,bacterial_leaf_blight
202156.jpg,blast
200337.jpg,normal
200245.jpg,hispa
203226.jpg,tungro
202552.jpg,bacterial_leaf_blight
202594.jpg,bacterial_leaf_streak
201966.jpg,normal
202345.jpg,tungro
200139.jpg,blast
200510.jpg,tungro
203462.jpg,bacterial_panicle_blight
202212.jpg,dead_heart
200088.jpg,normal
200257.jpg,blast
200225.jpg,hispa
200543.jpg,dead_heart
203033.jpg,normal
201513.jpg,brown_spot
200078.jpg,bacterial_leaf_blight
200743.jpg,bacterial_leaf_blight
203357.jpg,downy_mildew
202328.jpg,tungro
200266.jpg,blast
203381.jpg,blast
201785.jpg,hispa
201704.jpg,hispa
200955.jpg,hispa
200019.jpg,dead_heart
203028.jpg,blast
200304.jpg,tungro
201518.jpg,bacterial_panicle_blight
201181.jpg,hispa
202024.jpg,downy_mildew
203088.jpg,blast
201524.jpg,brown_spot
201237.jpg,bacterial_leaf_streak
202203.jpg,dead_heart
202421.jpg,hispa
201677.jpg,hispa
202856.jpg,tungro
201053.jpg,normal
201018.jpg,brown_spot
202793.jpg,normal
202207.jpg,blast
201517.jpg,blast
201441.jpg,dead_heart
201823.jpg,tungro
202312.jpg,brown_spot
200905.jpg,hispa
202099.jpg,hispa
201176.jpg,normal
203316.jpg,hispa
201462.jpg,downy_mildew
200426.jpg,bacterial_panicle_blight
202213.jpg,downy_mildew
202862.jpg,blast
